Packet ID,Enqueue Time (in s),Dequeue Time (in s),Dropped?,Drop Reason,Freezes,Tx INTF,Rx INTF
2000086957507_Node0_Node5_Zero,2000.232428,2000.307915,1,RetryLimit,856,0,nan
2000097830072_Node0_Node5_Zero,2000.232428,2000.307915,1,RetryLimit,856,0,nan
2000108700341_Node0_Node5_Zero,2000.236488,2000.313603,0,,768,7.572525408e-13,0
2000119571938_Node0_Node5_Zero,2000.236488,2000.313603,0,,768,7.572525408e-13,0
2000130443853_Node0_Node5_Zero,2000.241404,2000.315493,0,,679,7.572525408e-13,0
2000141316336_Node0_Node5_Zero,2000.241404,2000.315493,0,,679,7.572525408e-13,0
2000152188164_Node0_Node5_Zero,2000.243334,2000.317383,0,,590,8.738360007999999e-13,0
2000163056069_Node0_Node5_Zero,2000.243334,2000.317383,0,,590,8.738360007999999e-13,0
2000173926955_Node0_Node5_Zero,2000.245224,2000.319333,0,,501,8.738360007999999e-13,0
2000184793737_Node0_Node5_Zero,2000.245224,2000.319333,0,,501,8.738360007999999e-13,0
2000195663407_Node0_Node5_Zero,2000.247154,2000.321283,0,,412,7.572525408e-13,0
2000206534542_Node0_Node5_Zero,2000.247154,2000.321283,0,,412,7.572525408e-13,0
2000217407074_Node0_Node5_Zero,2000.249024,2000.323453,0,,323,1.1658346e-13,6.557819625e-14
2000228273990_Node0_Node5_Zero,2000.249024,2000.323453,0,,323,1.1658346e-13,6.557819625e-14
2000239140905_Node0_Node5_Zero,2000.261721,2000.325523,0,,277,7.572525408e-13,0
2000260881831_Node0_Node5_Zero,2000.266239,2000.327453,0,,231,8.2283073705e-13,4.19700456e-14
2000250008322_Node0_Node5_Zero,2000.277544,2000.325523,0,,95,7.572525408e-13,0
2000271755717_Node0_Node5_Zero,2000.277544,2000.327453,0,,95,8.2283073705e-13,4.19700456e-14
2000282625395_Node0_Node5_Zero,2000.287102,2000.329543,0,,48,7.572525408e-13,0
2000293493675_Node0_Node5_Zero,2000.298051,2000.329543,0,,1,7.572525408e-13,0
2000304360300_Node0_Node5_Zero,2000.311572,2000.330633,0,,0,7.572525408e-13,0
2000315231092_Node0_Node5_Zero,2000.336611,2000.337822,0,,0,8.470248288834937e-13,0
2000326098815_Node0_Node5_Zero,2000.343781,2000.345832,0,,0,7.572525408e-13,0
2000336963937_Node0_Node5_Zero,2000.343781,2000.345832,0,,0,7.572525408e-13,0
2000347834413_Node0_Node5_Zero,2000.352291,2000.353423,0,,0,7.572525408e-13,0
2000358700837_Node0_Node5_Zero,2000.363678,2000.364789,0,,0,7.572525408e-13,0
2000369571425_Node0_Node5_Zero,2000.374128,2000.3754,0,,0,7.572525408e-13,0
2000380441024_Node0_Node5_Zero,2000.385038,2000.386149,0,,0,7.572525408e-13,0
2000391309100_Node0_Node5_Zero,2000.396026,2000.397357,0,,0,7.572525408e-13,0
2000402176586_Node0_Node5_Zero,2000.406993,2000.408285,0,,0,7.572525408e-13,0
2000413041598_Node0_Node5_Zero,2000.417898,2000.41921,0,,0,7.572525408e-13,0
2000423908792_Node0_Node5_Zero,2000.428726,2000.430017,0,,0,7.572525408e-13,0
2000434774680_Node0_Node5_Zero,2000.439592,2000.440823,0,,0,7.572525408e-13,0
2000445644628_Node0_Node5_Zero,2000.450422,2000.451613,0,,0,7.572525408e-13,0
2000456514779_Node0_Node5_Zero,2000.461452,2000.462823,0,,0,7.572525408e-13,0
2000467383586_Node0_Node5_Zero,2000.47192,2000.473032,0,,0,7.572525408e-13,0
2000478252605_Node0_Node5_Zero,2000.483149,2000.484381,0,,0,7.572525408e-13,0
2000489126301_Node0_Node5_Zero,2000.493823,2000.495094,0,,0,7.572525408e-13,0
2000500000811_Node0_Node5_Zero,2000.505038,2000.506149,0,,0,7.572525408e-13,0
2000510866678_Node0_Node5_Zero,2000.515364,2000.516595,0,,0,7.572525408e-13,0
2000521737550_Node0_Node5_Zero,2000.526414,2000.527486,0,,0,7.572525408e-13,0
2000532604741_Node0_Node5_Zero,2000.537322,2000.538553,0,,0,7.572525408e-13,0
2000543478617_Node0_Node5_Zero,2000.548136,2000.549427,0,,0,7.572525408e-13,0
2000554351170_Node0_Node5_Zero,2000.559008,2000.560139,0,,0,7.572525408e-13,0
2000565220653_Node0_Node5_Zero,2000.569838,2000.570949,0,,0,7.572525408e-13,0
2000576089774_Node0_Node5_Zero,2000.581007,2000.582258,0,,0,7.572525408e-13,0
2000586957577_Node0_Node5_Zero,2000.591334,2000.592426,0,,0,7.572525408e-13,0
2000597830443_Node0_Node5_Zero,2000.602627,2000.603719,0,,0,7.572525408e-13,0
2000608695806_Node0_Node5_Zero,2000.613533,2000.614684,0,,0,7.572525408e-13,0
2000619564953_Node0_Node5_Zero,2000.624382,2000.625493,0,,0,7.572525408e-13,0
2000630437035_Node0_Node5_Zero,2000.634914,2000.636245,0,,0,7.572525408e-13,0
2000641304711_Node0_Node5_Zero,2000.645782,2000.647013,0,,0,7.572525408e-13,0
2000652177766_Node0_Node5_Zero,2000.656935,2000.658246,0,,0,7.572525408e-13,0
2000663050716_Node0_Node5_Zero,2000.667608,2000.668919,0,,0,7.572525408e-13,0
2000673918005_Node0_Node5_Zero,2000.678655,2000.679946,0,,0,7.572525408e-13,0
2000684789724_Node0_Node5_Zero,2000.689607,2000.690838,0,,0,7.572525408e-13,0
2000695658424_Node0_Node5_Zero,2000.700255,2000.701627,0,,0,7.572525408e-13,0
2000706528341_Node0_Node5_Zero,2000.711185,2000.712396,0,,0,7.572525408e-13,0
2000717400462_Node0_Node5_Zero,2000.722137,2000.723509,0,,0,7.572525408e-13,0
2000728273147_Node0_Node5_Zero,2000.73287,2000.734241,0,,0,7.572525408e-13,0
2000739143204_Node0_Node5_Zero,2000.74364,2000.745011,0,,0,7.572525408e-13,0
2000750008397_Node0_Node5_Zero,2000.754565,2000.755657,0,,0,7.572525408e-13,0
2000760879312_Node0_Node5_Zero,2000.765416,2000.766487,0,,0,7.572525408e-13,0
2000771744779_Node0_Node5_Zero,2000.776522,2000.777633,0,,0,7.572525408e-13,0
2000782613003_Node0_Node5_Zero,2000.78723,2000.788301,0,,0,7.572525408e-13,0
2000793479848_Node0_Node5_Zero,2000.798017,2000.799348,0,,0,7.572525408e-13,0
2000804346064_Node0_Node5_Zero,2000.809083,2000.810214,0,,0,7.572525408e-13,0
2000815210930_Node0_Node5_Zero,2000.819608,2000.820939,0,,0,7.572525408e-13,0
2000826085138_Node0_Node5_Zero,2000.831222,2000.832333,0,,0,7.572525408e-13,0
2000836950223_Node0_Node5_Zero,2000.841627,2000.842978,0,,0,7.572525408e-13,0
2000847823625_Node0_Node5_Zero,2000.852161,2000.853272,0,,0,7.572525408e-13,0
2000858690547_Node0_Node5_Zero,2000.863347,2000.864579,0,,0,7.572525408e-13,0
2000869556180_Node0_Node5_Zero,2000.874073,2000.875384,0,,0,7.572525408e-13,0
2000880427153_Node0_Node5_Zero,2000.884884,2000.886115,0,,0,7.572525408e-13,0
2000891299345_Node0_Node5_Zero,2000.896156,2000.897307,0,,0,7.572525408e-13,0
2000902171255_Node0_Node5_Zero,2000.906708,2000.907919,0,,0,7.572525408e-13,0
2000913040738_Node0_Node5_Zero,2000.917818,2000.919149,0,,0,7.572525408e-13,0
2000923913796_Node0_Node5_Zero,2000.928131,2000.929242,0,,0,7.572525408e-13,0
2000934787099_Node0_Node5_Zero,2000.939504,2000.940675,0,,0,7.572525408e-13,0
2000945660815_Node0_Node5_Zero,2000.950578,2000.951669,0,,0,7.572525408e-13,0
2000956525776_Node0_Node5_Zero,2000.961483,2000.962694,0,,0,7.572525408e-13,0
2000967395998_Node0_Node5_Zero,2000.972093,2000.973304,0,,0,7.572525408e-13,0
2000978268826_Node0_Node5_Zero,2000.982586,2000.983877,0,,0,7.572525408e-13,0
2000989136658_Node0_Node5_Zero,2000.993514,2000.994865,0,,0,7.572525408e-13,0
2001000004585_Node0_Node5_Zero,2001.004881,2001.006033,0,,0,7.572525408e-13,0
2001010876226_Node0_Node5_Zero,2001.015513,2001.016644,0,,0,7.572525408e-13,0
2001021746916_Node0_Node5_Zero,2001.026464,2001.027735,0,,0,7.572525408e-13,0
2001032612093_Node0_Node5_Zero,2001.036989,2001.03822,0,,0,7.572525408e-13,0
2001043485892_Node0_Node5_Zero,2001.048023,2001.049134,0,,0,7.572525408e-13,0
2001054357113_Node0_Node5_Zero,2001.059274,2001.060445,0,,0,7.572525408e-13,0
2001065229603_Node0_Node5_Zero,2001.069626,2001.070718,0,,0,7.572525408e-13,0
2001076094219_Node0_Node5_Zero,2001.080391,2001.081482,0,,0,7.572525408e-13,0
2001086965318_Node0_Node5_Zero,2001.091742,2001.093093,0,,0,7.572525408e-13,0
2001097837769_Node0_Node5_Zero,2001.102515,2001.103846,0,,0,7.572525408e-13,0
2001108708591_Node0_Node5_Zero,2001.113225,2001.114317,0,,0,7.572525408e-13,0
2001119578205_Node0_Node5_Zero,2001.124415,2001.125506,0,,0,7.572525408e-13,0
2001130449947_Node0_Node5_Zero,2001.135187,2001.136458,0,,0,7.572525408e-13,0
2001141317926_Node0_Node5_Zero,2001.146095,2001.147306,0,,0,7.572525408e-13,0
2001152182618_Node0_Node5_Zero,2001.1569,2001.158251,0,,0,7.572525408e-13,0
2001163056062_Node0_Node5_Zero,2001.167473,2001.168844,0,,0,7.572525408e-13,0
2001173923850_Node0_Node5_Zero,2001.178681,2001.179772,0,,0,7.572525408e-13,0
2001184790447_Node0_Node5_Zero,2001.189287,2001.190659,0,,0,7.572525408e-13,0
2001195661403_Node0_Node5_Zero,2001.200538,2001.20179,0,,0,7.572525408e-13,0
2001206535173_Node0_Node5_Zero,2001.211012,2001.212263,0,,0,7.572525408e-13,0
2001217400142_Node0_Node5_Zero,2001.222177,2001.223468,0,,0,7.572525408e-13,0
2001228272270_Node0_Node5_Zero,2001.232829,2001.23396,0,,0,7.572525408e-13,0
2001239145472_Node0_Node5_Zero,2001.243802,2001.244874,0,,0,7.572525408e-13,0
2001250011908_Node0_Node5_Zero,2001.254569,2001.25586,0,,0,7.572525408e-13,0
2001260880196_Node0_Node5_Zero,2001.265637,2001.266888,0,,0,7.572525408e-13,0
2001271751088_Node0_Node5_Zero,2001.276488,2001.277599,0,,0,7.572525408e-13,0
2001282623519_Node0_Node5_Zero,2001.28748,2001.288612,0,,0,7.572525408e-13,0
2001293493579_Node0_Node5_Zero,2001.29815,2001.299522,0,,0,7.572525408e-13,0
2001304368044_Node0_Node5_Zero,2001.309285,2001.310356,0,,0,7.572525408e-13,0
2001315236118_Node0_Node5_Zero,2001.320273,2001.321644,0,,0,7.572525408e-13,0
2001326107810_Node0_Node5_Zero,2001.330965,2001.332296,0,,0,7.572525408e-13,0
2001336975727_Node0_Node5_Zero,2001.341693,2001.342904,0,,0,7.572525408e-13,0
2001347843570_Node0_Node5_Zero,2001.35258,2001.353812,0,,0,7.572525408e-13,0
2001358711247_Node0_Node5_Zero,2001.363588,2001.364759,0,,0,7.572525408e-13,0
2001369578607_Node0_Node5_Zero,2001.374015,2001.375227,0,,0,7.572525408e-13,0
2001380451404_Node0_Node5_Zero,2001.385288,2001.38648,0,,0,7.572525408e-13,0
2001391317688_Node0_Node5_Zero,2001.396035,2001.397346,0,,0,7.572525408e-13,0
2001402186812_Node0_Node5_Zero,2001.406524,2001.407715,0,,0,7.572525408e-13,0
2001413054228_Node0_Node5_Zero,2001.417631,2001.418982,0,,0,7.572525408e-13,0
2001423923814_Node0_Node5_Zero,2001.428761,2001.429992,0,,0,7.572525408e-13,0
2001434792830_Node0_Node5_Zero,2001.43947,2001.440601,0,,0,7.572525408e-13,0
2001445666626_Node0_Node5_Zero,2001.450304,2001.451655,0,,0,7.572525408e-13,0
2001456535225_Node0_Node5_Zero,2001.461092,2001.462363,0,,0,7.572525408e-13,0
2001467404665_Node0_Node5_Zero,2001.471942,2001.473213,0,,0,7.572525408e-13,0
2001478270601_Node0_Node5_Zero,2001.483107,2001.484319,0,,0,7.572525408e-13,0
2001489142651_Node0_Node5_Zero,2001.49362,2001.494971,0,,0,7.572525408e-13,0
2001500009633_Node0_Node5_Zero,2001.504487,2001.505858,0,,0,7.572525408e-13,0
2001510880986_Node0_Node5_Zero,2001.515558,2001.516929,0,,0,7.572525408e-13,0
2001521753099_Node0_Node5_Zero,2001.52667,2001.527741,0,,0,7.572525408e-13,0
2001532618423_Node0_Node5_Zero,2001.537315,2001.538567,0,,0,7.572525408e-13,0
2001543490285_Node0_Node5_Zero,2001.548327,2001.549398,0,,0,7.572525408e-13,0
2001554363309_Node0_Node5_Zero,2001.55906,2001.560411,0,,0,7.572525408e-13,0
2001565235589_Node0_Node5_Zero,2001.569932,2001.571304,0,,0,7.572525408e-13,0
2001576102230_Node0_Node5_Zero,2001.580859,2001.58209,0,,0,7.572525408e-13,0
2001586967267_Node0_Node5_Zero,2001.591344,2001.592495,0,,0,7.572525408e-13,0
2001597838539_Node0_Node5_Zero,2001.602555,2001.603687,0,,0,7.572525408e-13,0
2001608707335_Node0_Node5_Zero,2001.613264,2001.614455,0,,0,7.572525408e-13,0
2001619572688_Node0_Node5_Zero,2001.62415,2001.625301,0,,0,7.572525408e-13,0
2001630437751_Node0_Node5_Zero,2001.634975,2001.636226,0,,0,7.572525408e-13,0
2001641308113_Node0_Node5_Zero,2001.646065,2001.647316,0,,0,7.572525408e-13,0
2001652173704_Node0_Node5_Zero,2001.656851,2001.657982,0,,0,7.572525408e-13,0
2001663043280_Node0_Node5_Zero,2001.6675,2001.668791,0,,0,7.572525408e-13,0
2001673913139_Node0_Node5_Zero,2001.67863,2001.679881,0,,0,7.572525408e-13,0
2001684784240_Node0_Node5_Zero,2001.689521,2001.690792,0,,0,7.572525408e-13,0
2001695651457_Node0_Node5_Zero,2001.700068,2001.70144,0,,0,7.572525408e-13,0
2001706519348_Node0_Node5_Zero,2001.711316,2001.712627,0,,0,7.572525408e-13,0
2001717384253_Node0_Node5_Zero,2001.722241,2001.723532,0,,0,7.572525408e-13,0
2001728249006_Node0_Node5_Zero,2001.732826,2001.733957,0,,0,7.572525408e-13,0
2001739122632_Node0_Node5_Zero,2001.74368,2001.744851,0,,0,7.572525408e-13,0
2001749992396_Node0_Node5_Zero,2001.754489,2001.755581,0,,0,7.572525408e-13,0
2001760861081_Node0_Node5_Zero,2001.765398,2001.766469,0,,0,7.572525408e-13,0
2001771729062_Node0_Node5_Zero,2001.776266,2001.777617,0,,0,7.572525408e-13,0
2001782600933_Node0_Node5_Zero,2001.787578,2001.788929,0,,0,7.572525408e-13,0
2001793472892_Node0_Node5_Zero,2001.79821,2001.799561,0,,0,7.572525408e-13,0
2001804343295_Node0_Node5_Zero,2001.80866,2001.809871,0,,0,7.572525408e-13,0
2001815213830_Node0_Node5_Zero,2001.819631,2001.820782,0,,0,7.572525408e-13,0
2001826081034_Node0_Node5_Zero,2001.830798,2001.831929,0,,0,7.572525408e-13,0
2001836953897_Node0_Node5_Zero,2001.841811,2001.843062,0,,0,7.572525408e-13,0
2001847818524_Node0_Node5_Zero,2001.852595,2001.853947,0,,0,7.572525408e-13,0
2001858685789_Node0_Node5_Zero,2001.863303,2001.864634,0,,0,7.572525408e-13,0
2001869551821_Node0_Node5_Zero,2001.874189,2001.8754,0,,0,7.572525408e-13,0
2001880419658_Node0_Node5_Zero,2001.884597,2001.885728,0,,0,7.572525408e-13,0
2001891284509_Node0_Node5_Zero,2001.896001,2001.897113,0,,0,7.572525408e-13,0
2001902156064_Node0_Node5_Zero,2001.906633,2001.907804,0,,0,7.572525408e-13,0
2001913021087_Node0_Node5_Zero,2001.917898,2001.919069,0,,0,7.572525408e-13,0
2001923888519_Node0_Node5_Zero,2001.928765,2001.929957,0,,0,7.572525408e-13,0
2001934760742_Node0_Node5_Zero,2001.939518,2001.940849,0,,0,7.572525408e-13,0
2001945631391_Node0_Node5_Zero,2001.950428,2001.95164,0,,0,7.572525408e-13,0
2001956498170_Node0_Node5_Zero,2001.960835,2001.962146,0,,0,7.572525408e-13,0
2001967366981_Node0_Node5_Zero,2001.972104,2001.973175,0,,0,7.572525408e-13,0
2001978237475_Node0_Node5_Zero,2001.982634,2001.983826,0,,0,7.572525408e-13,0
2001989110191_Node0_Node5_Zero,2001.993967,2001.995278,0,,0,7.572525408e-13,0
2001999980376_Node0_Node5_Zero,2002.004737,2002.006049,0,,0,7.572525408e-13,0
2002010851023_Node0_Node5_Zero,2002.015248,2002.016619,0,,0,7.572525408e-13,0
2002021715920_Node0_Node5_Zero,2002.026173,2002.027364,0,,0,7.572525408e-13,0
2002032583170_Node0_Node5_Zero,2002.03702,2002.038211,0,,0,7.572525408e-13,0
2002043451565_Node0_Node5_Zero,2002.048128,2002.0494,0,,0,7.572525408e-13,0
2002054316575_Node0_Node5_Zero,2002.058813,2002.060005,0,,0,7.572525408e-13,0
2002065181153_Node0_Node5_Zero,2002.069838,2002.071009,0,,0,7.572525408e-13,0
2002076050185_Node0_Node5_Zero,2002.080747,2002.081918,0,,0,7.572525408e-13,0
2002086919224_Node0_Node5_Zero,2002.091296,2002.092527,0,,0,7.572525408e-13,0
2002097789653_Node0_Node5_Zero,2002.102387,2002.103458,0,,0,7.572525408e-13,0
2002108659068_Node0_Node5_Zero,2002.113176,2002.114287,0,,0,7.572525408e-13,0
2002119524307_Node0_Node5_Zero,2002.124141,2002.125372,0,,0,7.572525408e-13,0
2002130392883_Node0_Node5_Zero,2002.13489,2002.136041,0,,0,7.572525408e-13,0
2002141265051_Node0_Node5_Zero,2002.145802,2002.146893,0,,0,7.572525408e-13,0
2002152131232_Node0_Node5_Zero,2002.156468,2002.157819,0,,0,7.572525408e-13,0
2002163004191_Node0_Node5_Zero,2002.167621,2002.168952,0,,0,7.572525408e-13,0
2002173870636_Node0_Node5_Zero,2002.178608,2002.179679,0,,0,7.572525408e-13,0
2002184743185_Node0_Node5_Zero,2002.18946,2002.190611,0,,0,7.572525408e-13,0
2002195608332_Node0_Node5_Zero,2002.200405,2002.201756,0,,0,7.572525408e-13,0
2002206475373_Node0_Node5_Zero,2002.210892,2002.212004,0,,0,7.572525408e-13,0
2002217349750_Node0_Node5_Zero,2002.221867,2002.223138,0,,0,7.572525408e-13,0
2002228221414_Node0_Node5_Zero,2002.232938,2002.23411,0,,0,7.572525408e-13,0
2002239089023_Node0_Node5_Zero,2002.243606,2002.244957,0,,0,7.572525408e-13,0
2002249961622_Node0_Node5_Zero,2002.254859,2002.25599,0,,0,7.572525408e-13,0
2002260831244_Node0_Node5_Zero,2002.265048,2002.266399,0,,0,7.572525408e-13,0
2002271697516_Node0_Node5_Zero,2002.276354,2002.277546,0,,0,7.572525408e-13,0
2002282566316_Node0_Node5_Zero,2002.287263,2002.288374,0,,0,7.572525408e-13,0
2002293434665_Node0_Node5_Zero,2002.298152,2002.299463,0,,0,7.572525408e-13,0
2002304307648_Node0_Node5_Zero,2002.308905,2002.310016,0,,0,7.572525408e-13,0
2002315179459_Node0_Node5_Zero,2002.320096,2002.321228,0,,0,7.572525408e-13,0
2002326045060_Node0_Node5_Zero,2002.330882,2002.332113,0,,0,7.572525408e-13,0
2002336918300_Node0_Node5_Zero,2002.341575,2002.342846,0,,0,7.572525408e-13,0
2002347784151_Node0_Node5_Zero,2002.352641,2002.353972,0,,0,7.572525408e-13,0
2002358657246_Node0_Node5_Zero,2002.363534,2002.364785,0,,0,7.572525408e-13,0
2002369530073_Node0_Node5_Zero,2002.374107,2002.375438,0,,0,7.572525408e-13,0
2002380399908_Node0_Node5_Zero,2002.385137,2002.386228,0,,0,7.572525408e-13,0
2002391274372_Node0_Node5_Zero,2002.395951,2002.397143,0,,0,7.572525408e-13,0
2002402147388_Node0_Node5_Zero,2002.406564,2002.407856,0,,0,7.572525408e-13,0
2002413021933_Node0_Node5_Zero,2002.417619,2002.41879,0,,0,7.572525408e-13,0
2002423894729_Node0_Node5_Zero,2002.428552,2002.429803,0,,0,7.572525408e-13,0
2002434768213_Node0_Node5_Zero,2002.439465,2002.440576,0,,0,7.572525408e-13,0
2002445636832_Node0_Node5_Zero,2002.450274,2002.451405,0,,0,7.572525408e-13,0
2002456510521_Node0_Node5_Zero,2002.460827,2002.461919,0,,0,7.572525408e-13,0
2002467381143_Node0_Node5_Zero,2002.471638,2002.472829,0,,0,7.572525408e-13,0
2002478251831_Node0_Node5_Zero,2002.483009,2002.48408,0,,0,7.572525408e-13,0
2002489119219_Node0_Node5_Zero,2002.493696,2002.494947,0,,0,7.572525408e-13,0
2002499991320_Node0_Node5_Zero,2002.504748,2002.505839,0,,0,7.572525408e-13,0
2002510856198_Node0_Node5_Zero,2002.515413,2002.516604,0,,0,7.572525408e-13,0
2002521726101_Node0_Node5_Zero,2002.526363,2002.527674,0,,0,7.572525408e-13,0
2002532593405_Node0_Node5_Zero,2002.53721,2002.538422,0,,0,7.572525408e-13,0
2002543462981_Node0_Node5_Zero,2002.54782,2002.548931,0,,0,7.572525408e-13,0
2002554334266_Node0_Node5_Zero,2002.558971,2002.560182,0,,0,7.572525408e-13,0
2002565205487_Node0_Node5_Zero,2002.570002,2002.571374,0,,0,7.572525408e-13,0
2002576073275_Node0_Node5_Zero,2002.58067,2002.581781,0,,0,7.572525408e-13,0
2002586944408_Node0_Node5_Zero,2002.591501,2002.592673,0,,0,7.572525408e-13,0
2002597809633_Node0_Node5_Zero,2002.602567,2002.603718,0,,0,7.572525408e-13,0
2002608675202_Node0_Node5_Zero,2002.613512,2002.614823,0,,0,7.572525408e-13,0
2002619541881_Node0_Node5_Zero,2002.624319,2002.62563,0,,0,7.572525408e-13,0
2002630412726_Node0_Node5_Zero,2002.63483,2002.636181,0,,0,7.572525408e-13,0
2002641277980_Node0_Node5_Zero,2002.645555,2002.646706,0,,0,7.572525408e-13,0
2002652144526_Node0_Node5_Zero,2002.656921,2002.658213,0,,0,7.572525408e-13,0
2002663016748_Node0_Node5_Zero,2002.667514,2002.668785,0,,0,7.572525408e-13,0
2002673886206_Node0_Node5_Zero,2002.678323,2002.679514,0,,0,7.572525408e-13,0
2002684754896_Node0_Node5_Zero,2002.689452,2002.690583,0,,0,7.572525408e-13,0
2002695623553_Node0_Node5_Zero,2002.70046,2002.701672,0,,0,7.572525408e-13,0
2002706494717_Node0_Node5_Zero,2002.711392,2002.712503,0,,0,7.572525408e-13,0
2002717359672_Node0_Node5_Zero,2002.722337,2002.723468,0,,0,7.572525408e-13,0
2002728229246_Node0_Node5_Zero,2002.732986,2002.734297,0,,0,7.572525408e-13,0
2002739097115_Node0_Node5_Zero,2002.743694,2002.744785,0,,0,7.572525408e-13,0
2002749969941_Node0_Node5_Zero,2002.754907,2002.756258,0,,0,7.572525408e-13,0
2002760842055_Node0_Node5_Zero,2002.765659,2002.76681,0,,0,7.572525408e-13,0
2002771706922_Node0_Node5_Zero,2002.776224,2002.777595,0,,0,7.572525408e-13,0
2002782577077_Node0_Node5_Zero,2002.786834,2002.787945,0,,0,7.572525408e-13,0
2002793442939_Node0_Node5_Zero,2002.79802,2002.799251,0,,0,7.572525408e-13,0
2002804314339_Node0_Node5_Zero,2002.809251,2002.810442,0,,0,7.572525408e-13,0
2002815185206_Node0_Node5_Zero,2002.819642,2002.820753,0,,0,7.572525408e-13,0
2002826052482_Node0_Node5_Zero,2002.830789,2002.831901,0,,0,7.572525408e-13,0
2002836921488_Node0_Node5_Zero,2002.841638,2002.84271,0,,0,7.572525408e-13,0
2002847787775_Node0_Node5_Zero,2002.852525,2002.853616,0,,0,7.572525408e-13,0
2002858653594_Node0_Node5_Zero,2002.86363,2002.864842,0,,0,7.572525408e-13,0
2002869523232_Node0_Node5_Zero,2002.87424,2002.875611,0,,0,7.572525408e-13,0
2002880397729_Node0_Node5_Zero,2002.885115,2002.886426,0,,0,7.572525408e-13,0
2002891272272_Node0_Node5_Zero,2002.895969,2002.89724,0,,0,7.572525408e-13,0
2002902137890_Node0_Node5_Zero,2002.906975,2002.908246,0,,0,7.572525408e-13,0
2002913009516_Node0_Node5_Zero,2002.917946,2002.919278,0,,0,7.572525408e-13,0
2002923883015_Node0_Node5_Zero,2002.92828,2002.929391,0,,0,7.572525408e-13,0
2002934757225_Node0_Node5_Zero,2002.939254,2002.940345,0,,0,7.572525408e-13,0
2002945627403_Node0_Node5_Zero,2002.950004,2002.951296,0,,0,7.572525408e-13,0
2002956499843_Node0_Node5_Zero,2002.961337,2002.962568,0,,0,7.572525408e-13,0
2002967374135_Node0_Node5_Zero,2002.971991,2002.973302,0,,0,7.572525408e-13,0
2002978238922_Node0_Node5_Zero,2002.983156,2002.984407,0,,0,7.572525408e-13,0
2002989109882_Node0_Node5_Zero,2002.993647,2002.994998,0,,0,7.572525408e-13,0
2002999977413_Node0_Node5_Zero,2003.004814,2003.005966,0,,0,7.572525408e-13,0
2003010843045_Node0_Node5_Zero,2003.0154,2003.016511,0,,0,7.572525408e-13,0
2003021717100_Node0_Node5_Zero,2003.026254,2003.027425,0,,0,7.572525408e-13,0
2003032588029_Node0_Node5_Zero,2003.037065,2003.038416,0,,0,7.572525408e-13,0
2003043457486_Node0_Node5_Zero,2003.048434,2003.049766,0,,0,7.572525408e-13,0
2003054322640_Node0_Node5_Zero,2003.05892,2003.059991,0,,0,7.572525408e-13,0
2003065194459_Node0_Node5_Zero,2003.069691,2003.071023,0,,0,7.572525408e-13,0
2003076067623_Node0_Node5_Zero,2003.080565,2003.081856,0,,0,7.572525408e-13,0
2003086940017_Node0_Node5_Zero,2003.091457,2003.092808,0,,0,7.572525408e-13,0
2003097808508_Node0_Node5_Zero,2003.102345,2003.103497,0,,0,7.572525408e-13,0
2003108680772_Node0_Node5_Zero,2003.113498,2003.114669,0,,0,7.572525408e-13,0
2003119553662_Node0_Node5_Zero,2003.124111,2003.125262,0,,0,7.572525408e-13,0
2003130418557_Node0_Node5_Zero,2003.135215,2003.136327,0,,0,7.572525408e-13,0
2003141291704_Node0_Node5_Zero,2003.145849,2003.14718,0,,0,7.572525408e-13,0
2003152161313_Node0_Node5_Zero,2003.156838,2003.157949,0,,0,7.572525408e-13,0
2003163035666_Node0_Node5_Zero,2003.167853,2003.169064,0,,0,7.572525408e-13,0
2003173903885_Node0_Node5_Zero,2003.178421,2003.179572,0,,0,7.572525408e-13,0
2003184778044_Node0_Node5_Zero,2003.189335,2003.190406,0,,0,7.572525408e-13,0
2003195644874_Node0_Node5_Zero,2003.200202,2003.201293,0,,0,7.572525408e-13,0
2003206515391_Node0_Node5_Zero,2003.211092,2003.212224,0,,0,7.572525408e-13,0
2003217381719_Node0_Node5_Zero,2003.221879,2003.22315,0,,0,7.572525408e-13,0
2003228246362_Node0_Node5_Zero,2003.232803,2003.234055,0,,0,7.572525408e-13,0
2003239115032_Node0_Node5_Zero,2003.243572,2003.244843,0,,0,7.572525408e-13,0
2003249985963_Node0_Node5_Zero,2003.255003,2003.256294,0,,0,7.572525408e-13,0
2003260856147_Node0_Node5_Zero,2003.265553,2003.266624,0,,0,7.572525408e-13,0
2003271727289_Node0_Node5_Zero,2003.276324,2003.277635,0,,0,7.572525408e-13,0
2003282597324_Node0_Node5_Zero,2003.287494,2003.288565,0,,0,7.572525408e-13,0
2003293462582_Node0_Node5_Zero,2003.298099,2003.299191,0,,0,7.572525408e-13,0
2003304331318_Node0_Node5_Zero,2003.309108,2003.310459,0,,0,7.572525408e-13,0
2003315196199_Node0_Node5_Zero,2003.319653,2003.320804,0,,0,7.572525408e-13,0
2003326062077_Node0_Node5_Zero,2003.330339,2003.33151,0,,0,7.572525408e-13,0
2003336936399_Node0_Node5_Zero,2003.341593,2003.342785,0,,0,7.572525408e-13,0
2003347808518_Node0_Node5_Zero,2003.352785,2003.354017,0,,0,7.572525408e-13,0
2003358676251_Node0_Node5_Zero,2003.363253,2003.364564,0,,0,7.572525408e-13,0
2003369542974_Node0_Node5_Zero,2003.3742,2003.375411,0,,0,7.572525408e-13,0
2003380412001_Node0_Node5_Zero,2003.385029,2003.38616,0,,0,7.572525408e-13,0
2003391279377_Node0_Node5_Zero,2003.396156,2003.397388,0,,0,7.572525408e-13,0
2003402144101_Node0_Node5_Zero,2003.406921,2003.408172,0,,0,7.572525408e-13,0
2003413013134_Node0_Node5_Zero,2003.41807,2003.419241,0,,0,7.572525408e-13,0
2003423887584_Node0_Node5_Zero,2003.428564,2003.429916,0,,0,7.572525408e-13,0
2003434760784_Node0_Node5_Zero,2003.439438,2003.440589,0,,0,7.572525408e-13,0
2003445632466_Node0_Node5_Zero,2003.450089,2003.451361,0,,0,7.572525408e-13,0
2003456505888_Node0_Node5_Zero,2003.460943,2003.462094,0,,0,7.572525408e-13,0
2003467370919_Node0_Node5_Zero,2003.471988,2003.473279,0,,0,7.572525408e-13,0
2003478243353_Node0_Node5_Zero,2003.4829,2003.484071,0,,0,7.572525408e-13,0
2003489115400_Node0_Node5_Zero,2003.494132,2003.495204,0,,0,7.572525408e-13,0
2003499984059_Node0_Node5_Zero,2003.504561,2003.505652,0,,0,7.572525408e-13,0
2003510857531_Node0_Node5_Zero,2003.515394,2003.516706,0,,0,7.572525408e-13,0
2003521726433_Node0_Node5_Zero,2003.526083,2003.527215,0,,0,7.572525408e-13,0
2003532598992_Node0_Node5_Zero,2003.537336,2003.538467,0,,0,7.572525408e-13,0
2003543472498_Node0_Node5_Zero,2003.548309,2003.549641,0,,0,7.572525408e-13,0
2003554341427_Node0_Node5_Zero,2003.559258,2003.56047,0,,0,7.572525408e-13,0
2003565210567_Node0_Node5_Zero,2003.569467,2003.570539,0,,0,7.572525408e-13,0
2003576083454_Node0_Node5_Zero,2003.58054,2003.581692,0,,0,7.572525408e-13,0
2003586957947_Node0_Node5_Zero,2003.591815,2003.592886,0,,0,7.572525408e-13,0
2003597824227_Node0_Node5_Zero,2003.602401,2003.603512,0,,0,7.572525408e-13,0
2003608698546_Node0_Node5_Zero,2003.613535,2003.614787,0,,0,7.572525408e-13,0
2003619563867_Node0_Node5_Zero,2003.624361,2003.625532,0,,0,7.572525408e-13,0
2003630434528_Node0_Node5_Zero,2003.635071,2003.636243,0,,0,7.572525408e-13,0
2003641304843_Node0_Node5_Zero,2003.646102,2003.647473,0,,0,7.572525408e-13,0
2003652171054_Node0_Node5_Zero,2003.657248,2003.658519,0,,0,7.572525408e-13,0
2003663042018_Node0_Node5_Zero,2003.667799,2003.66899,0,,0,7.572525408e-13,0
2003673911980_Node0_Node5_Zero,2003.678349,2003.67948,0,,0,7.572525408e-13,0
2003684784288_Node0_Node5_Zero,2003.689541,2003.690732,0,,0,7.572525408e-13,0
2003695658582_Node0_Node5_Zero,2003.700275,2003.701607,0,,0,7.572525408e-13,0
2003706525388_Node0_Node5_Zero,2003.711242,2003.712354,0,,0,7.572525408e-13,0
2003717394584_Node0_Node5_Zero,2003.722071,2003.723323,0,,0,7.572525408e-13,0
2003728267350_Node0_Node5_Zero,2003.732784,2003.733955,0,,0,7.572525408e-13,0
2003739136930_Node0_Node5_Zero,2003.743374,2003.744705,0,,0,7.572525408e-13,0
2003750008624_Node0_Node5_Zero,2003.754666,2003.755877,0,,0,7.572525408e-13,0
2003760877102_Node0_Node5_Zero,2003.765434,2003.766545,0,,0,7.572525408e-13,0
2003771749384_Node0_Node5_Zero,2003.776086,2003.777338,0,,0,7.572525408e-13,0
2003782620074_Node0_Node5_Zero,2003.787357,2003.788628,0,,0,7.572525408e-13,0
2003793490222_Node0_Node5_Zero,2003.798027,2003.799338,0,,0,7.572525408e-13,0
2003804359867_Node0_Node5_Zero,2003.809177,2003.810488,0,,0,7.572525408e-13,0
2003815232304_Node0_Node5_Zero,2003.819849,2003.8211,0,,0,7.572525408e-13,0
2003826100349_Node0_Node5_Zero,2003.830757,2003.832068,0,,0,7.572525408e-13,0
2003836972429_Node0_Node5_Zero,2003.841409,2003.842501,0,,0,7.572525408e-13,0
2003847839222_Node0_Node5_Zero,2003.852296,2003.853507,0,,0,7.572525408e-13,0
2003858710434_Node0_Node5_Zero,2003.863367,2003.864719,0,,0,7.572525408e-13,0
2003869575769_Node0_Node5_Zero,2003.873973,2003.875204,0,,0,7.572525408e-13,0
2003880442666_Node0_Node5_Zero,2003.8853,2003.886611,0,,0,7.572525408e-13,0
2003891315571_Node0_Node5_Zero,2003.896052,2003.897384,0,,0,7.572525408e-13,0
2003902188134_Node0_Node5_Zero,2003.906665,2003.907956,0,,0,7.572525408e-13,0
2003913062315_Node0_Node5_Zero,2003.917979,2003.91907,0,,0,7.572525408e-13,0
2003923933769_Node0_Node5_Zero,2003.928431,2003.929702,0,,0,7.572525408e-13,0
2003934804258_Node0_Node5_Zero,2003.939941,2003.941152,0,,0,7.572525408e-13,0
2003945674738_Node0_Node5_Zero,2003.949992,2003.951183,0,,0,7.572525408e-13,0
2003956541964_Node0_Node5_Zero,2003.961219,2003.96237,0,,0,7.572525408e-13,0
2003967408972_Node0_Node5_Zero,2003.972286,2003.973617,0,,0,7.572525408e-13,0
2003978274212_Node0_Node5_Zero,2003.982591,2003.983782,0,,0,7.572525408e-13,0
2003989145977_Node0_Node5_Zero,2003.993683,2003.994854,0,,0,7.572525408e-13,0
2004000014362_Node0_Node5_Zero,2004.004231,2004.005503,0,,0,7.572525408e-13,0
