Pkt ID,Route,Generation Time (in s),First Tx At (in s),Delay (in s),Times Packet Forwarded,Retransmissions,Packet Size (in bytes),Tx Power (in watt),Average Transmission Power in the route (in watt),Min. SINR Along Route,SINR at Flow Dest,Min. Data Rate Along Route (in Mbps),Data Rate at Flow Src (in Mbps)
2000008194073_Node0_Node5_Zero,"[0, 1, 3, 5]",2000.008194,2000.008244,0.005876,3,0,2343.0,"0.030655015222981186,0.030655015222981186,0.030655015222981186",0.030655,2.396369,2.396369,11,11
2000016388856_Node0_Node5_Zero,"[0, 1, 3, 5]",2000.016389,2000.016479,0.006096,3,0,2343.0,"0.0053220512539897905,0.021288205015959162,0.021288205015959162",0.015966,1.664145,1.664145,11,11
2000024586992_Node0_Node5_Zero,"[0, 1, 3, 5]",2000.024587,2000.024937,0.006376,3,0,2343.0,"0.0053220512539897905,0.021288205015959162,0.021288205015959162",0.015966,1.664145,1.664145,11,11
2000032779024_Node0_Node5_Zero,"[0, 1, 3, 5]",2000.032779,2000.032829,0.005836,3,0,2343.0,"0.0053220512539897905,0.021288205015959162,0.021288205015959162",0.015966,1.664145,1.664145,11,11
2000040977618_Node0_Node5_Zero,"[0, 1, 3, 5]",2000.040978,2000.041168,0.006275,3,0,2343.0,"0.0053220512539897905,0.021288205015959162,0.021288205015959162",0.015966,1.664145,1.664145,11,11
2000049176410_Node0_Node5_Zero,"[0, 1, 3, 5]",2000.049176,2000.049366,0.005996,3,0,2343.0,"0.0053220512539897905,0.021288205015959162,0.021288205015959162",0.015966,1.664145,1.664145,11,11
2000057373115_Node0_Node5_Zero,"[0, 1, 3, 5]",2000.057373,2000.057543,0.006116,3,0,2343.0,"0.0053220512539897905,0.021288205015959162,0.021288205015959162",0.015966,1.664145,1.664145,11,11
2000065568823_Node0_Node5_Zero,"[0, 1, 3, 5]",2000.065569,2000.065799,0.006216,3,0,2343.0,"0.0053220512539897905,0.021288205015959162,0.021288205015959162",0.015966,1.664145,1.664145,11,11
2000073764620_Node0_Node5_Zero,"[0, 1, 3, 5]",2000.073765,2000.073995,0.006075,3,0,2343.0,"0.0053220512539897905,0.021288205015959162,0.021288205015959162",0.015966,1.664145,1.664145,11,11
2000081961775_Node0_Node5_Zero,"[0, 1, 3, 5]",2000.081962,2000.082212,0.006336,3,0,2343.0,"0.0053220512539897905,0.021288205015959162,0.021288205015959162",0.015966,1.664145,1.664145,11,11
2000090156715_Node0_Node5_Zero,"[0, 1, 3, 5]",2000.090157,2000.090227,0.006035,3,0,2343.0,"0.0053220512539897905,0.021288205015959162,0.021288205015959162",0.015966,1.664145,1.664145,11,11
2000098354834_Node0_Node5_Zero,"[0, 1, 3, 5]",2000.098355,2000.098585,0.006236,3,0,2343.0,"0.0053220512539897905,0.021288205015959162,0.021288205015959162",0.015966,1.664145,1.664145,11,11
2000106548993_Node0_Node5_Zero,"[0, 1, 3, 5]",2000.106549,2000.106859,0.006336,3,0,2343.0,"0.0053220512539897905,0.021288205015959162,0.021288205015959162",0.015966,1.664145,1.664145,11,11
2000114748774_Node0_Node5_Zero,"[0, 1, 3, 5]",2000.114749,2000.114799,0.005956,3,0,2343.0,"0.0053220512539897905,0.021288205015959162,0.021288205015959162",0.015966,1.664145,1.664145,11,11
2000122942675_Node0_Node5_Zero,"[0, 1, 3, 5]",2000.122943,2000.123093,0.005995,3,0,2343.0,"0.0053220512539897905,0.021288205015959162,0.021288205015959162",0.015966,1.664145,1.664145,11,11
2000131143607_Node0_Node5_Zero,"[0, 1, 3, 5]",2000.131144,2000.131334,0.006295,3,0,2343.0,"0.0053220512539897905,0.021288205015959162,0.021288205015959162",0.015966,1.664145,1.664145,11,11
2000139339912_Node0_Node5_Zero,"[0, 1, 3, 5]",2000.13934,2000.13963,0.005916,3,0,2343.0,"0.0053220512539897905,0.021288205015959162,0.021288205015959162",0.015966,1.664145,1.664145,11,11
2000147538499_Node0_Node5_Zero,"[0, 1, 3, 5]",2000.147538,2000.147848,0.006216,3,0,2343.0,"0.0053220512539897905,0.021288205015959162,0.021288205015959162",0.015966,1.664145,1.664145,11,11
2000155732164_Node0_Node5_Zero,"[0, 1, 3, 5]",2000.155732,2000.156002,0.006156,3,0,2343.0,"0.0053220512539897905,0.021288205015959162,0.021288205015959162",0.015966,1.664145,1.664145,11,11
2000163926162_Node0_Node5_Zero,"[0, 1, 3, 5]",2000.163926,2000.164236,0.006216,3,0,2343.0,"0.0053220512539897905,0.021288205015959162,0.021288205015959162",0.015966,1.664145,1.664145,11,11
2000172118218_Node0_Node5_Zero,"[0, 1, 3, 5]",2000.172118,2000.172368,0.006036,3,0,2343.0,"0.0053220512539897905,0.021288205015959162,0.021288205015959162",0.015966,1.664145,1.664145,11,11
2000180318356_Node0_Node5_Zero,"[0, 1, 3, 5]",2000.180318,2000.180368,0.005716,3,0,2343.0,"0.0053220512539897905,0.021288205015959162,0.021288205015959162",0.015966,1.664145,1.664145,11,11
2000188510821_Node0_Node5_Zero,"[0, 1, 3, 5]",2000.188511,2000.188681,0.005936,3,0,2343.0,"0.0053220512539897905,0.021288205015959162,0.021288205015959162",0.015966,1.664145,1.664145,11,11
2000196708512_Node0_Node5_Zero,"[0, 1, 3, 5]",2000.196709,2000.196859,0.006015,3,0,2343.0,"0.0053220512539897905,0.021288205015959162,0.021288205015959162",0.015966,1.664145,1.664145,11,11
2000204907997_Node0_Node5_Zero,"[0, 1, 3, 5]",2000.204908,2000.205018,0.005656,3,0,2343.0,"0.0053220512539897905,0.021288205015959162,0.021288205015959162",0.015966,1.664145,1.664145,11,11
2000213100848_Node0_Node5_Zero,"[0, 1, 3, 5]",2000.213101,2000.213331,0.006276,3,0,2343.0,"0.0053220512539897905,0.021288205015959162,0.021288205015959162",0.015966,1.664145,1.664145,11,11
2000221293398_Node0_Node5_Zero,"[0, 1, 3, 5]",2000.221293,2000.221343,0.005756,3,0,2343.0,"0.0053220512539897905,0.021288205015959162,0.021288205015959162",0.015966,1.664145,1.664145,11,11
2000229491333_Node0_Node5_Zero,"[0, 1, 3, 5]",2000.229491,2000.229801,0.005936,3,0,2343.0,"0.0053220512539897905,0.021288205015959162,0.021288205015959162",0.015966,1.664145,1.664145,11,11
2000237690282_Node0_Node5_Zero,"[0, 1, 3, 5]",2000.23769,2000.23774,0.006036,3,0,2343.0,"0.0053220512539897905,0.021288205015959162,0.021288205015959162",0.015966,1.664145,1.664145,11,11
2000245883378_Node0_Node5_Zero,"[0, 1, 3, 5]",2000.245883,2000.246133,0.006256,3,0,2343.0,"0.0053220512539897905,0.021288205015959162,0.021288205015959162",0.015966,1.664145,1.664145,11,11
2000254083344_Node0_Node5_Zero,"[0, 1, 3, 5]",2000.254083,2000.254213,0.006116,3,0,2343.0,"0.0053220512539897905,0.021288205015959162,0.021288205015959162",0.015966,1.664145,1.664145,11,11
2000262277295_Node0_Node5_Zero,"[0, 1, 3, 5]",2000.262277,2000.262587,0.006256,3,0,2343.0,"0.0053220512539897905,0.021288205015959162,0.021288205015959162",0.015966,1.664145,1.664145,11,11
2000270472000_Node0_Node5_Zero,"[0, 1, 3, 5]",2000.270472,2000.270682,0.005936,3,0,2343.0,"0.0053220512539897905,0.021288205015959162,0.021288205015959162",0.015966,1.664145,1.664145,11,11
2000278663749_Node0_Node5_Zero,"[0, 1, 3, 5]",2000.278664,2000.278794,0.006035,3,0,2343.0,"0.0053220512539897905,0.021288205015959162,0.021288205015959162",0.015966,1.664145,1.664145,11,11
2000286861692_Node0_Node5_Zero,"[0, 1, 3, 5]",2000.286862,2000.287032,0.005975,3,0,2343.0,"0.0053220512539897905,0.021288205015959162,0.021288205015959162",0.015966,1.664145,1.664145,11,11
2000295062472_Node0_Node5_Zero,"[0, 1, 3, 5]",2000.295062,2000.295412,0.005996,3,0,2343.0,"0.0053220512539897905,0.021288205015959162,0.021288205015959162",0.015966,1.664145,1.664145,11,11
2000303259257_Node0_Node5_Zero,"[0, 1, 3, 5]",2000.303259,2000.303349,0.005856,3,0,2343.0,"0.0053220512539897905,0.021288205015959162,0.021288205015959162",0.015966,1.664145,1.664145,11,11
2000311452474_Node0_Node5_Zero,"[0, 1, 3, 5]",2000.311452,2000.311522,0.005876,3,0,2343.0,"0.0053220512539897905,0.021288205015959162,0.021288205015959162",0.015966,1.664145,1.664145,11,11
2000319653050_Node0_Node5_Zero,"[0, 1, 3, 5]",2000.319653,2000.319783,0.006056,3,0,2343.0,"0.0053220512539897905,0.021288205015959162,0.021288205015959162",0.015966,1.664145,1.664145,11,11
2000327851575_Node0_Node5_Zero,"[0, 1, 3, 5]",2000.327852,2000.328182,0.006275,3,0,2343.0,"0.0053220512539897905,0.021288205015959162,0.021288205015959162",0.015966,1.664145,1.664145,11,11
2000336051551_Node0_Node5_Zero,"[0, 1, 3, 5]",2000.336052,2000.336302,0.006115,3,0,2343.0,"0.0053220512539897905,0.021288205015959162,0.021288205015959162",0.015966,1.664145,1.664145,11,11
2000344246865_Node0_Node5_Zero,"[0, 1, 3, 5]",2000.344247,2000.344337,0.005756,3,0,2343.0,"0.0053220512539897905,0.021288205015959162,0.021288205015959162",0.015966,1.664145,1.664145,11,11
2000352447027_Node0_Node5_Zero,"[0, 1, 3, 5]",2000.352447,2000.352577,0.005976,3,0,2343.0,"0.0053220512539897905,0.021288205015959162,0.021288205015959162",0.015966,1.664145,1.664145,11,11
2000360639630_Node0_Node5_Zero,"[0, 1, 3, 5]",2000.36064,2000.36087,0.006255,3,0,2343.0,"0.0053220512539897905,0.021288205015959162,0.021288205015959162",0.015966,1.664145,1.664145,11,11
2000368834081_Node0_Node5_Zero,"[0, 1, 3, 5]",2000.368834,2000.369064,0.006136,3,0,2343.0,"0.0053220512539897905,0.021288205015959162,0.021288205015959162",0.015966,1.664145,1.664145,11,11
2000377026738_Node0_Node5_Zero,"[0, 1, 3, 5]",2000.377027,2000.377077,0.005875,3,0,2343.0,"0.0053220512539897905,0.021288205015959162,0.021288205015959162",0.015966,1.664145,1.664145,11,11
2000385224168_Node0_Node5_Zero,"[0, 1, 3, 5]",2000.385224,2000.385534,0.006156,3,0,2343.0,"0.0053220512539897905,0.021288205015959162,0.021288205015959162",0.015966,1.664145,1.664145,11,11
2000393424890_Node0_Node5_Zero,"[0, 1, 3, 5]",2000.393425,2000.393495,0.006016,3,0,2343.0,"0.0053220512539897905,0.021288205015959162,0.021288205015959162",0.015966,1.664145,1.664145,11,11
2000401617770_Node0_Node5_Zero,"[0, 1, 3, 5]",2000.401618,2000.401868,0.006176,3,0,2343.0,"0.0053220512539897905,0.021288205015959162,0.021288205015959162",0.015966,1.664145,1.664145,11,11
2000409811886_Node0_Node5_Zero,"[0, 1, 3, 5]",2000.409812,2000.409862,0.005996,3,0,2343.0,"0.0053220512539897905,0.021288205015959162,0.021288205015959162",0.015966,1.664145,1.664145,11,11
2000418009222_Node0_Node5_Zero,"[0, 1, 3, 5]",2000.418009,2000.418099,0.006176,3,0,2343.0,"0.0053220512539897905,0.021288205015959162,0.021288205015959162",0.015966,1.664145,1.664145,11,11
2000426202760_Node0_Node5_Zero,"[0, 1, 3, 5]",2000.426203,2000.426493,0.006076,3,0,2343.0,"0.0053220512539897905,0.021288205015959162,0.021288205015959162",0.015966,1.664145,1.664145,11,11
2000434398217_Node0_Node5_Zero,"[0, 1, 3, 5]",2000.434398,2000.434588,0.006076,3,0,2343.0,"0.0053220512539897905,0.021288205015959162,0.021288205015959162",0.015966,1.664145,1.664145,11,11
2000442596690_Node0_Node5_Zero,"[0, 1, 3, 5]",2000.442597,2000.442847,0.006075,3,0,2343.0,"0.0053220512539897905,0.021288205015959162,0.021288205015959162",0.015966,1.664145,1.664145,11,11
2000450792085_Node0_Node5_Zero,"[0, 1, 3, 5]",2000.450792,2000.450922,0.005856,3,0,2343.0,"0.0053220512539897905,0.021288205015959162,0.021288205015959162",0.015966,1.664145,1.664145,11,11
2000458988398_Node0_Node5_Zero,"[0, 1, 3, 5]",2000.458988,2000.459338,0.006456,3,0,2343.0,"0.0053220512539897905,0.021288205015959162,0.021288205015959162",0.015966,1.664145,1.664145,11,11
2000467189893_Node0_Node5_Zero,"[0, 1, 3, 5]",2000.46719,2000.46734,0.005936,3,0,2343.0,"0.0053220512539897905,0.021288205015959162,0.021288205015959162",0.015966,1.664145,1.664145,11,11
2000475386150_Node0_Node5_Zero,"[0, 1, 3, 5]",2000.475386,2000.475556,0.006096,3,0,2343.0,"0.0053220512539897905,0.021288205015959162,0.021288205015959162",0.015966,1.664145,1.664145,11,11
2000483577902_Node0_Node5_Zero,"[0, 1, 3, 5]",2000.483578,2000.483848,0.005996,3,0,2343.0,"0.0053220512539897905,0.021288205015959162,0.021288205015959162",0.015966,1.664145,1.664145,11,11
2000491774611_Node0_Node5_Zero,"[0, 1, 3, 5]",2000.491775,2000.491965,0.006035,3,0,2343.0,"0.0053220512539897905,0.021288205015959162,0.021288205015959162",0.015966,1.664145,1.664145,11,11
2000499974002_Node0_Node5_Zero,"[0, 1, 3, 5]",2000.499974,2000.500204,0.006096,3,0,2343.0,"0.0053220512539897905,0.021288205015959162,0.021288205015959162",0.015966,1.664145,1.664145,11,11
2000508173421_Node0_Node5_Zero,"[0, 1, 3, 5]",2000.508173,2000.508323,0.006076,3,0,2343.0,"0.0053220512539897905,0.021288205015959162,0.021288205015959162",0.015966,1.664145,1.664145,11,11
2000516368029_Node0_Node5_Zero,"[0, 1, 3, 5]",2000.516368,2000.516598,0.005996,3,0,2343.0,"0.0053220512539897905,0.021288205015959162,0.021288205015959162",0.015966,1.664145,1.664145,11,11
2000524565302_Node0_Node5_Zero,"[0, 1, 3, 5]",2000.524565,2000.524875,0.006376,3,0,2343.0,"0.0053220512539897905,0.021288205015959162,0.021288205015959162",0.015966,1.664145,1.664145,11,11
2000532757577_Node0_Node5_Zero,"[0, 1, 3, 5]",2000.532758,2000.533108,0.006275,3,0,2343.0,"0.0053220512539897905,0.021288205015959162,0.021288205015959162",0.015966,1.664145,1.664145,11,11
2000540951693_Node0_Node5_Zero,"[0, 1, 3, 5]",2000.540952,2000.541222,0.006295,3,0,2343.0,"0.0053220512539897905,0.021288205015959162,0.021288205015959162",0.015966,1.664145,1.664145,11,11
2000549144714_Node0_Node5_Zero,"[0, 1, 3, 5]",2000.549145,2000.549455,0.006315,3,0,2343.0,"0.0053220512539897905,0.021288205015959162,0.021288205015959162",0.015966,1.664145,1.664145,11,11
2000557338544_Node0_Node5_Zero,"[0, 1, 3, 5]",2000.557339,2000.557409,0.005795,3,0,2343.0,"0.0053220512539897905,0.021288205015959162,0.021288205015959162",0.015966,1.664145,1.664145,11,11
2000565530798_Node0_Node5_Zero,"[0, 1, 3, 5]",2000.565531,2000.565761,0.006236,3,0,2343.0,"0.0053220512539897905,0.021288205015959162,0.021288205015959162",0.015966,1.664145,1.664145,11,11
2000573729264_Node0_Node5_Zero,"[0, 1, 3, 5]",2000.573729,2000.573979,0.006316,3,0,2343.0,"0.0053220512539897905,0.021288205015959162,0.021288205015959162",0.015966,1.664145,1.664145,11,11
2000581925415_Node0_Node5_Zero,"[0, 1, 3, 5]",2000.581925,2000.582035,0.006096,3,0,2343.0,"0.0053220512539897905,0.021288205015959162,0.021288205015959162",0.015966,1.664145,1.664145,11,11
2000590124343_Node0_Node5_Zero,"[0, 1, 3, 5]",2000.590124,2000.590314,0.005996,3,0,2343.0,"0.0053220512539897905,0.021288205015959162,0.021288205015959162",0.015966,1.664145,1.664145,11,11
2000598324236_Node0_Node5_Zero,"[0, 1, 3, 5]",2000.598324,2000.598434,0.005956,3,0,2343.0,"0.0053220512539897905,0.021288205015959162,0.021288205015959162",0.015966,1.664145,1.664145,11,11
2000606524072_Node0_Node5_Zero,"[0, 1, 3, 5]",2000.606524,2000.606674,0.006036,3,0,2343.0,"0.0053220512539897905,0.021288205015959162,0.021288205015959162",0.015966,1.664145,1.664145,11,11
2000614720815_Node0_Node5_Zero,"[0, 1, 3, 5]",2000.614721,2000.614931,0.006196,3,0,2343.0,"0.0053220512539897905,0.021288205015959162,0.021288205015959162",0.015966,1.664145,1.664145,11,11
2000622916796_Node0_Node5_Zero,"[0, 1, 3, 5]",2000.622917,2000.623247,0.006236,3,0,2343.0,"0.0053220512539897905,0.021288205015959162,0.021288205015959162",0.015966,1.664145,1.664145,11,11
2000631112746_Node0_Node5_Zero,"[0, 1, 3, 5]",2000.631113,2000.631463,0.006395,3,0,2343.0,"0.0053220512539897905,0.021288205015959162,0.021288205015959162",0.015966,1.664145,1.664145,11,11
2000639305093_Node0_Node5_Zero,"[0, 1, 3, 5]",2000.639305,2000.639375,0.005856,3,0,2343.0,"0.0053220512539897905,0.021288205015959162,0.021288205015959162",0.015966,1.664145,1.664145,11,11
2000647498940_Node0_Node5_Zero,"[0, 1, 3, 5]",2000.647499,2000.647649,0.006176,3,0,2343.0,"0.0053220512539897905,0.021288205015959162,0.021288205015959162",0.015966,1.664145,1.664145,11,11
2000655697854_Node0_Node5_Zero,"[0, 1, 3, 5]",2000.655698,2000.655768,0.005876,3,0,2343.0,"0.0053220512539897905,0.021288205015959162,0.021288205015959162",0.015966,1.664145,1.664145,11,11
2000663898880_Node0_Node5_Zero,"[0, 1, 3, 5]",2000.663899,2000.664009,0.005836,3,0,2343.0,"0.0053220512539897905,0.021288205015959162,0.021288205015959162",0.015966,1.664145,1.664145,11,11
2000672095130_Node0_Node5_Zero,"[0, 1, 3, 5]",2000.672095,2000.672305,0.005956,3,0,2343.0,"0.0053220512539897905,0.021288205015959162,0.021288205015959162",0.015966,1.664145,1.664145,11,11
2000680295036_Node0_Node5_Zero,"[0, 1, 3, 5]",2000.680295,2000.680385,0.005856,3,0,2343.0,"0.0053220512539897905,0.021288205015959162,0.021288205015959162",0.015966,1.664145,1.664145,11,11
2000688488120_Node0_Node5_Zero,"[0, 1, 3, 5]",2000.688488,2000.688818,0.006176,3,0,2343.0,"0.0053220512539897905,0.021288205015959162,0.021288205015959162",0.015966,1.664145,1.664145,11,11
2000696687052_Node0_Node5_Zero,"[0, 1, 3, 5]",2000.696687,2000.696997,0.005976,3,0,2343.0,"0.0053220512539897905,0.021288205015959162,0.021288205015959162",0.015966,1.664145,1.664145,11,11
2000704884001_Node0_Node5_Zero,"[0, 1, 3, 5]",2000.704884,2000.704954,0.005976,3,0,2343.0,"0.0053220512539897905,0.021288205015959162,0.021288205015959162",0.015966,1.664145,1.664145,11,11
2000713078540_Node0_Node5_Zero,"[0, 1, 3, 5]",2000.713079,2000.713269,0.005955,3,0,2343.0,"0.0053220512539897905,0.021288205015959162,0.021288205015959162",0.015966,1.664145,1.664145,11,11
2000721279526_Node0_Node5_Zero,"[0, 1, 3, 5]",2000.72128,2000.72151,0.005915,3,0,2343.0,"0.0053220512539897905,0.021288205015959162,0.021288205015959162",0.015966,1.664145,1.664145,11,11
2000729480043_Node0_Node5_Zero,"[0, 1, 3, 5]",2000.72948,2000.72979,0.005996,3,0,2343.0,"0.0053220512539897905,0.021288205015959162,0.021288205015959162",0.015966,1.664145,1.664145,11,11
2000737680429_Node0_Node5_Zero,"[0, 1, 3, 5]",2000.73768,2000.73777,0.005956,3,0,2343.0,"0.0053220512539897905,0.021288205015959162,0.021288205015959162",0.015966,1.664145,1.664145,11,11
2000745873593_Node0_Node5_Zero,"[0, 1, 3, 5]",2000.745874,2000.745924,0.005775,3,0,2343.0,"0.0053220512539897905,0.021288205015959162,0.021288205015959162",0.015966,1.664145,1.664145,11,11
2000754071565_Node0_Node5_Zero,"[0, 1, 3, 5]",2000.754072,2000.754182,0.005795,3,0,2343.0,"0.0053220512539897905,0.021288205015959162,0.021288205015959162",0.015966,1.664145,1.664145,11,11
2000762272555_Node0_Node5_Zero,"[0, 1, 3, 5]",2000.762273,2000.762383,0.005955,3,0,2343.0,"0.0053220512539897905,0.021288205015959162,0.021288205015959162",0.015966,1.664145,1.664145,11,11
2000770469563_Node0_Node5_Zero,"[0, 1, 3, 5]",2000.77047,2000.77056,0.005975,3,0,2343.0,"0.0053220512539897905,0.021288205015959162,0.021288205015959162",0.015966,1.664145,1.664145,11,11
2000778663534_Node0_Node5_Zero,"[0, 1, 3, 5]",2000.778664,2000.778774,0.005715,3,0,2343.0,"0.0053220512539897905,0.021288205015959162,0.021288205015959162",0.015966,1.664145,1.664145,11,11
2000786860763_Node0_Node5_Zero,"[0, 1, 3, 5]",2000.786861,2000.787211,0.006436,3,0,2343.0,"0.0053220512539897905,0.021288205015959162,0.021288205015959162",0.015966,1.664145,1.664145,11,11
2000795058915_Node0_Node5_Zero,"[0, 1, 3, 5]",2000.795059,2000.795309,0.006036,3,0,2343.0,"0.0053220512539897905,0.021288205015959162,0.021288205015959162",0.015966,1.664145,1.664145,11,11
2000803252163_Node0_Node5_Zero,"[0, 1, 3, 5]",2000.803252,2000.803582,0.005976,3,0,2343.0,"0.0053220512539897905,0.021288205015959162,0.021288205015959162",0.015966,1.664145,1.664145,11,11
2000811451676_Node0_Node5_Zero,"[0, 1, 3, 5]",2000.811452,2000.811762,0.006175,3,0,2343.0,"0.0053220512539897905,0.021288205015959162,0.021288205015959162",0.015966,1.664145,1.664145,11,11
2000819651123_Node0_Node5_Zero,"[0, 1, 3, 5]",2000.819651,2000.819761,0.006216,3,0,2343.0,"0.0053220512539897905,0.021288205015959162,0.021288205015959162",0.015966,1.664145,1.664145,11,11
2000827846882_Node0_Node5_Zero,"[0, 1, 3, 5]",2000.827847,2000.828117,0.005916,3,0,2343.0,"0.0053220512539897905,0.021288205015959162,0.021288205015959162",0.015966,1.664145,1.664145,11,11
2000836045152_Node0_Node5_Zero,"[0, 1, 3, 5]",2000.836045,2000.836235,0.005876,3,0,2343.0,"0.0053220512539897905,0.021288205015959162,0.021288205015959162",0.015966,1.664145,1.664145,11,11
2000844238613_Node0_Node5_Zero,"[0, 1, 3, 5]",2000.844239,2000.844529,0.006135,3,0,2343.0,"0.0053220512539897905,0.021288205015959162,0.021288205015959162",0.015966,1.664145,1.664145,11,11
2000852438270_Node0_Node5_Zero,"[0, 1, 3, 5]",2000.852438,2000.852748,0.006296,3,0,2343.0,"0.0053220512539897905,0.021288205015959162,0.021288205015959162",0.015966,1.664145,1.664145,11,11
2000860637587_Node0_Node5_Zero,"[0, 1, 3, 5]",2000.860638,2000.860988,0.006375,3,0,2343.0,"0.0053220512539897905,0.021288205015959162,0.021288205015959162",0.015966,1.664145,1.664145,11,11
2000868838428_Node0_Node5_Zero,"[0, 1, 3, 5]",2000.868838,2000.868908,0.005876,3,0,2343.0,"0.0053220512539897905,0.021288205015959162,0.021288205015959162",0.015966,1.664145,1.664145,11,11
2000877032878_Node0_Node5_Zero,"[0, 1, 3, 5]",2000.877033,2000.877343,0.006196,3,0,2343.0,"0.0053220512539897905,0.021288205015959162,0.021288205015959162",0.015966,1.664145,1.664145,11,11
2000885224801_Node0_Node5_Zero,"[0, 1, 3, 5]",2000.885225,2000.885575,0.006196,3,0,2343.0,"0.0053220512539897905,0.021288205015959162,0.021288205015959162",0.015966,1.664145,1.664145,11,11
2000893424452_Node0_Node5_Zero,"[0, 1, 3, 5]",2000.893424,2000.893774,0.006076,3,0,2343.0,"0.0053220512539897905,0.021288205015959162,0.021288205015959162",0.015966,1.664145,1.664145,11,11
2000901625573_Node0_Node5_Zero,"[0, 1, 3, 5]",2000.901626,2000.901696,0.005935,3,0,2343.0,"0.0053220512539897905,0.021288205015959162,0.021288205015959162",0.015966,1.664145,1.664145,11,11
2000909819444_Node0_Node5_Zero,"[0, 1, 3, 5]",2000.909819,2000.909909,0.006056,3,0,2343.0,"0.0053220512539897905,0.021288205015959162,0.021288205015959162",0.015966,1.664145,1.664145,11,11
2000918014156_Node0_Node5_Zero,"[0, 1, 3, 5]",2000.918014,2000.918184,0.006096,3,0,2343.0,"0.0053220512539897905,0.021288205015959162,0.021288205015959162",0.015966,1.664145,1.664145,11,11
2000926208627_Node0_Node5_Zero,"[0, 1, 3, 5]",2000.926209,2000.926539,0.006075,3,0,2343.0,"0.0053220512539897905,0.021288205015959162,0.021288205015959162",0.015966,1.664145,1.664145,11,11
2000934402346_Node0_Node5_Zero,"[0, 1, 3, 5]",2000.934402,2000.934692,0.005956,3,0,2343.0,"0.0053220512539897905,0.021288205015959162,0.021288205015959162",0.015966,1.664145,1.664145,11,11
2000942595964_Node0_Node5_Zero,"[0, 1, 3, 5]",2000.942596,2000.942746,0.005816,3,0,2343.0,"0.0053220512539897905,0.021288205015959162,0.021288205015959162",0.015966,1.664145,1.664145,11,11
2000950792863_Node0_Node5_Zero,"[0, 1, 3, 5]",2000.950793,2000.951023,0.005936,3,0,2343.0,"0.0053220512539897905,0.021288205015959162,0.021288205015959162",0.015966,1.664145,1.664145,11,11
2000958994082_Node0_Node5_Zero,"[0, 1, 3, 5]",2000.958994,2000.959104,0.005916,3,0,2343.0,"0.0053220512539897905,0.021288205015959162,0.021288205015959162",0.015966,1.664145,1.664145,11,11
2000967193592_Node0_Node5_Zero,"[0, 1, 3, 5]",2000.967194,2000.967524,0.006095,3,0,2343.0,"0.0053220512539897905,0.021288205015959162,0.021288205015959162",0.015966,1.664145,1.664145,11,11
2000975390480_Node0_Node5_Zero,"[0, 1, 3, 5]",2000.97539,2000.97546,0.005856,3,0,2343.0,"0.0053220512539897905,0.021288205015959162,0.021288205015959162",0.015966,1.664145,1.664145,11,11
2000983584974_Node0_Node5_Zero,"[0, 1, 3, 5]",2000.983585,2000.983815,0.005796,3,0,2343.0,"0.0053220512539897905,0.021288205015959162,0.021288205015959162",0.015966,1.664145,1.664145,11,11
2000991784871_Node0_Node5_Zero,"[0, 1, 3, 5]",2000.991785,2000.991975,0.006156,3,0,2343.0,"0.0053220512539897905,0.021288205015959162,0.021288205015959162",0.015966,1.664145,1.664145,11,11
2000999978065_Node0_Node5_Zero,"[0, 1, 3, 5]",2000.999978,2001.000208,0.006096,3,0,2343.0,"0.0053220512539897905,0.021288205015959162,0.021288205015959162",0.015966,1.664145,1.664145,11,11
2001008178981_Node0_Node5_Zero,"[0, 1, 3, 5]",2001.008179,2001.008389,0.006336,3,0,2343.0,"0.0053220512539897905,0.021288205015959162,0.021288205015959162",0.015966,1.664145,1.664145,11,11
2001016371243_Node0_Node5_Zero,"[0, 1, 3, 5]",2001.016371,2001.016461,0.005916,3,0,2343.0,"0.0053220512539897905,0.021288205015959162,0.021288205015959162",0.015966,1.664145,1.664145,11,11
2001024572670_Node0_Node5_Zero,"[0, 1, 3, 5]",2001.024573,2001.024823,0.006295,3,0,2343.0,"0.0053220512539897905,0.021288205015959162,0.021288205015959162",0.015966,1.664145,1.664145,11,11
2001032764518_Node0_Node5_Zero,"[0, 1, 3, 5]",2001.032765,2001.033095,0.005875,3,0,2343.0,"0.0053220512539897905,0.021288205015959162,0.021288205015959162",0.015966,1.664145,1.664145,11,11
2001040962199_Node0_Node5_Zero,"[0, 1, 3, 5]",2001.040962,2001.041312,0.006296,3,0,2343.0,"0.0053220512539897905,0.021288205015959162,0.021288205015959162",0.015966,1.664145,1.664145,11,11
2001049155745_Node0_Node5_Zero,"[0, 1, 3, 5]",2001.049156,2001.049386,0.006055,3,0,2343.0,"0.0053220512539897905,0.021288205015959162,0.021288205015959162",0.015966,1.664145,1.664145,11,11
2001057348377_Node0_Node5_Zero,"[0, 1, 3, 5]",2001.057348,2001.057458,0.005976,3,0,2343.0,"0.0053220512539897905,0.021288205015959162,0.021288205015959162",0.015966,1.664145,1.664145,11,11
2001065546015_Node0_Node5_Zero,"[0, 1, 3, 5]",2001.065546,2001.065876,0.006116,3,0,2343.0,"0.0053220512539897905,0.021288205015959162,0.021288205015959162",0.015966,1.664145,1.664145,11,11
2001073738504_Node0_Node5_Zero,"[0, 1, 3, 5]",2001.073739,2001.073869,0.005975,3,0,2343.0,"0.0053220512539897905,0.021288205015959162,0.021288205015959162",0.015966,1.664145,1.664145,11,11
2001081931349_Node0_Node5_Zero,"[0, 1, 3, 5]",2001.081931,2001.082241,0.006196,3,0,2343.0,"0.0053220512539897905,0.021288205015959162,0.021288205015959162",0.015966,1.664145,1.664145,11,11
2001090128772_Node0_Node5_Zero,"[0, 1, 3, 5]",2001.090129,2001.090219,0.005976,3,0,2343.0,"0.0053220512539897905,0.021288205015959162,0.021288205015959162",0.015966,1.664145,1.664145,11,11
2001098323248_Node0_Node5_Zero,"[0, 1, 3, 5]",2001.098323,2001.098653,0.006176,3,0,2343.0,"0.0053220512539897905,0.021288205015959162,0.021288205015959162",0.015966,1.664145,1.664145,11,11
2001106521608_Node0_Node5_Zero,"[0, 1, 3, 5]",2001.106522,2001.106792,0.006215,3,0,2343.0,"0.0053220512539897905,0.021288205015959162,0.021288205015959162",0.015966,1.664145,1.664145,11,11
2001114721203_Node0_Node5_Zero,"[0, 1, 3, 5]",2001.114721,2001.115051,0.005916,3,0,2343.0,"0.0053220512539897905,0.021288205015959162,0.021288205015959162",0.015966,1.664145,1.664145,11,11
2001122915218_Node0_Node5_Zero,"[0, 1, 3, 5]",2001.122915,2001.123005,0.005936,3,0,2343.0,"0.0053220512539897905,0.021288205015959162,0.021288205015959162",0.015966,1.664145,1.664145,11,11
2001131113380_Node0_Node5_Zero,"[0, 1, 3, 5]",2001.131113,2001.131203,0.005856,3,0,2343.0,"0.0053220512539897905,0.021288205015959162,0.021288205015959162",0.015966,1.664145,1.664145,11,11
2001139311650_Node0_Node5_Zero,"[0, 1, 3, 5]",2001.139312,2001.139602,0.006355,3,0,2343.0,"0.0053220512539897905,0.021288205015959162,0.021288205015959162",0.015966,1.664145,1.664145,11,11
2001147505342_Node0_Node5_Zero,"[0, 1, 3, 5]",2001.147505,2001.147855,0.006256,3,0,2343.0,"0.0053220512539897905,0.021288205015959162,0.021288205015959162",0.015966,1.664145,1.664145,11,11
2001155697822_Node0_Node5_Zero,"[0, 1, 3, 5]",2001.155698,2001.155868,0.005776,3,0,2343.0,"0.0053220512539897905,0.021288205015959162,0.021288205015959162",0.015966,1.664145,1.664145,11,11
2001163893653_Node0_Node5_Zero,"[0, 1, 3, 5]",2001.163894,2001.164144,0.005915,3,0,2343.0,"0.0053220512539897905,0.021288205015959162,0.021288205015959162",0.015966,1.664145,1.664145,11,11
2001172089810_Node0_Node5_Zero,"[0, 1, 3, 5]",2001.17209,2001.17216,0.005976,3,0,2343.0,"0.0053220512539897905,0.021288205015959162,0.021288205015959162",0.015966,1.664145,1.664145,11,11
2001180283421_Node0_Node5_Zero,"[0, 1, 3, 5]",2001.180283,2001.180493,0.006136,3,0,2343.0,"0.0053220512539897905,0.021288205015959162,0.021288205015959162",0.015966,1.664145,1.664145,11,11
2001188479017_Node0_Node5_Zero,"[0, 1, 3, 5]",2001.188479,2001.188749,0.005996,3,0,2343.0,"0.0053220512539897905,0.021288205015959162,0.021288205015959162",0.015966,1.664145,1.664145,11,11
2001196675763_Node0_Node5_Zero,"[0, 1, 3, 5]",2001.196676,2001.197026,0.006276,3,0,2343.0,"0.0053220512539897905,0.021288205015959162,0.021288205015959162",0.015966,1.664145,1.664145,11,11
2001204877317_Node0_Node5_Zero,"[0, 1, 3, 5]",2001.204877,2001.205167,0.006136,3,0,2343.0,"0.0053220512539897905,0.021288205015959162,0.021288205015959162",0.015966,1.664145,1.664145,11,11
2001213071560_Node0_Node5_Zero,"[0, 1, 3, 5]",2001.213072,2001.213202,0.006135,3,0,2343.0,"0.0053220512539897905,0.021288205015959162,0.021288205015959162",0.015966,1.664145,1.664145,11,11
2001221266414_Node0_Node5_Zero,"[0, 1, 3, 5]",2001.221266,2001.221356,0.005916,3,0,2343.0,"0.0053220512539897905,0.021288205015959162,0.021288205015959162",0.015966,1.664145,1.664145,11,11
2001229465522_Node0_Node5_Zero,"[0, 1, 3, 5]",2001.229466,2001.229716,0.006055,3,0,2343.0,"0.0053220512539897905,0.021288205015959162,0.021288205015959162",0.015966,1.664145,1.664145,11,11
2001237657448_Node0_Node5_Zero,"[0, 1, 3, 5]",2001.237657,2001.237947,0.006136,3,0,2343.0,"0.0053220512539897905,0.021288205015959162,0.021288205015959162",0.015966,1.664145,1.664145,11,11
2001245854860_Node0_Node5_Zero,"[0, 1, 3, 5]",2001.245855,2001.246165,0.005976,3,0,2343.0,"0.0053220512539897905,0.021288205015959162,0.021288205015959162",0.015966,1.664145,1.664145,11,11
2001254046772_Node0_Node5_Zero,"[0, 1, 3, 5]",2001.254047,2001.254297,0.006096,3,0,2343.0,"0.0053220512539897905,0.021288205015959162,0.021288205015959162",0.015966,1.664145,1.664145,11,11
2001262246053_Node0_Node5_Zero,"[0, 1, 3, 5]",2001.262246,2001.262396,0.006056,3,0,2343.0,"0.0053220512539897905,0.021288205015959162,0.021288205015959162",0.015966,1.664145,1.664145,11,11
2001270441563_Node0_Node5_Zero,"[0, 1, 3, 5]",2001.270442,2001.270772,0.006335,3,0,2343.0,"0.0053220512539897905,0.021288205015959162,0.021288205015959162",0.015966,1.664145,1.664145,11,11
2001278640679_Node0_Node5_Zero,"[0, 1, 3, 5]",2001.278641,2001.278691,0.005975,3,0,2343.0,"0.0053220512539897905,0.021288205015959162,0.021288205015959162",0.015966,1.664145,1.664145,11,11
2001286840433_Node0_Node5_Zero,"[0, 1, 3, 5]",2001.28684,2001.28689,0.005956,3,0,2343.0,"0.0053220512539897905,0.021288205015959162,0.021288205015959162",0.015966,1.664145,1.664145,11,11
2001295041256_Node0_Node5_Zero,"[0, 1, 3, 5]",2001.295041,2001.295151,0.005876,3,0,2343.0,"0.0053220512539897905,0.021288205015959162,0.021288205015959162",0.015966,1.664145,1.664145,11,11
2001303233271_Node0_Node5_Zero,"[0, 1, 3, 5]",2001.303233,2001.303543,0.006056,3,0,2343.0,"0.0053220512539897905,0.021288205015959162,0.021288205015959162",0.015966,1.664145,1.664145,11,11
2001311429527_Node0_Node5_Zero,"[0, 1, 3, 5]",2001.31143,2001.31168,0.006075,3,0,2343.0,"0.0053220512539897905,0.021288205015959162,0.021288205015959162",0.015966,1.664145,1.664145,11,11
2001319622849_Node0_Node5_Zero,"[0, 1, 3, 5]",2001.319623,2001.319893,0.005996,3,0,2343.0,"0.0053220512539897905,0.021288205015959162,0.021288205015959162",0.015966,1.664145,1.664145,11,11
2001327824261_Node0_Node5_Zero,"[0, 1, 3, 5]",2001.327824,2001.328134,0.006356,3,0,2343.0,"0.0053220512539897905,0.021288205015959162,0.021288205015959162",0.015966,1.664145,1.664145,11,11
2001336018467_Node0_Node5_Zero,"[0, 1, 3, 5]",2001.336018,2001.336248,0.005976,3,0,2343.0,"0.0053220512539897905,0.021288205015959162,0.021288205015959162",0.015966,1.664145,1.664145,11,11
2001344210597_Node0_Node5_Zero,"[0, 1, 3, 5]",2001.344211,2001.344261,0.005995,3,0,2343.0,"0.0053220512539897905,0.021288205015959162,0.021288205015959162",0.015966,1.664145,1.664145,11,11
2001352412221_Node0_Node5_Zero,"[0, 1, 3, 5]",2001.352412,2001.352522,0.005916,3,0,2343.0,"0.0053220512539897905,0.021288205015959162,0.021288205015959162",0.015966,1.664145,1.664145,11,11
2001360606333_Node0_Node5_Zero,"[0, 1, 3, 5]",2001.360606,2001.360856,0.006096,3,0,2343.0,"0.0053220512539897905,0.021288205015959162,0.021288205015959162",0.015966,1.664145,1.664145,11,11
2001368799870_Node0_Node5_Zero,"[0, 1, 3, 5]",2001.3688,2001.36897,0.005956,3,0,2343.0,"0.0053220512539897905,0.021288205015959162,0.021288205015959162",0.015966,1.664145,1.664145,11,11
2001376993514_Node0_Node5_Zero,"[0, 1, 3, 5]",2001.376994,2001.377164,0.006075,3,0,2343.0,"0.0053220512539897905,0.021288205015959162,0.021288205015959162",0.015966,1.664145,1.664145,11,11
2001385186279_Node0_Node5_Zero,"[0, 1, 3, 5]",2001.385186,2001.385336,0.006116,3,0,2343.0,"0.0053220512539897905,0.021288205015959162,0.021288205015959162",0.015966,1.664145,1.664145,11,11
2001393380764_Node0_Node5_Zero,"[0, 1, 3, 5]",2001.393381,2001.393531,0.005756,3,0,2343.0,"0.0053220512539897905,0.021288205015959162,0.021288205015959162",0.015966,1.664145,1.664145,11,11
2001401575946_Node0_Node5_Zero,"[0, 1, 3, 5]",2001.401576,2001.401826,0.006156,3,0,2343.0,"0.0053220512539897905,0.021288205015959162,0.021288205015959162",0.015966,1.664145,1.664145,11,11
2001409772037_Node0_Node5_Zero,"[0, 1, 3, 5]",2001.409772,2001.409942,0.006176,3,0,2343.0,"0.0053220512539897905,0.021288205015959162,0.021288205015959162",0.015966,1.664145,1.664145,11,11
2001417967457_Node0_Node5_Zero,"[0, 1, 3, 5]",2001.417967,2001.418157,0.006196,3,0,2343.0,"0.0053220512539897905,0.021288205015959162,0.021288205015959162",0.015966,1.664145,1.664145,11,11
2001426162067_Node0_Node5_Zero,"[0, 1, 3, 5]",2001.426162,2001.426472,0.006176,3,0,2343.0,"0.0053220512539897905,0.021288205015959162,0.021288205015959162",0.015966,1.664145,1.664145,11,11
2001434356186_Node0_Node5_Zero,"[0, 1, 3, 5]",2001.434356,2001.434546,0.005976,3,0,2343.0,"0.0053220512539897905,0.021288205015959162,0.021288205015959162",0.015966,1.664145,1.664145,11,11
2001442549606_Node0_Node5_Zero,"[0, 1, 3, 5]",2001.44255,2001.4426,0.005755,3,0,2343.0,"0.0053220512539897905,0.021288205015959162,0.021288205015959162",0.015966,1.664145,1.664145,11,11
2001450741773_Node0_Node5_Zero,"[0, 1, 3, 5]",2001.450742,2001.451012,0.006096,3,0,2343.0,"0.0053220512539897905,0.021288205015959162,0.021288205015959162",0.015966,1.664145,1.664145,11,11
2001458936962_Node0_Node5_Zero,"[0, 1, 3, 5]",2001.458937,2001.459027,0.005856,3,0,2343.0,"0.0053220512539897905,0.021288205015959162,0.021288205015959162",0.015966,1.664145,1.664145,11,11
2001467135651_Node0_Node5_Zero,"[0, 1, 3, 5]",2001.467136,2001.467326,0.006195,3,0,2343.0,"0.0053220512539897905,0.021288205015959162,0.021288205015959162",0.015966,1.664145,1.664145,11,11
2001475332642_Node0_Node5_Zero,"[0, 1, 3, 5]",2001.475333,2001.475543,0.006315,3,0,2343.0,"0.0053220512539897905,0.021288205015959162,0.021288205015959162",0.015966,1.664145,1.664145,11,11
2001483527433_Node0_Node5_Zero,"[0, 1, 3, 5]",2001.483527,2001.483597,0.005916,3,0,2343.0,"0.0053220512539897905,0.021288205015959162,0.021288205015959162",0.015966,1.664145,1.664145,11,11
2001491721144_Node0_Node5_Zero,"[0, 1, 3, 5]",2001.491721,2001.491911,0.006036,3,0,2343.0,"0.0053220512539897905,0.021288205015959162,0.021288205015959162",0.015966,1.664145,1.664145,11,11
2001499914137_Node0_Node5_Zero,"[0, 1, 3, 5]",2001.499914,2001.500124,0.006036,3,0,2343.0,"0.0053220512539897905,0.021288205015959162,0.021288205015959162",0.015966,1.664145,1.664145,11,11
2001508109411_Node0_Node5_Zero,"[0, 1, 3, 5]",2001.508109,2001.508159,0.006016,3,0,2343.0,"0.0053220512539897905,0.021288205015959162,0.021288205015959162",0.015966,1.664145,1.664145,11,11
2001516304501_Node0_Node5_Zero,"[0, 1, 3, 5]",2001.516305,2001.516355,0.005815,3,0,2343.0,"0.0053220512539897905,0.021288205015959162,0.021288205015959162",0.015966,1.664145,1.664145,11,11
2001524498959_Node0_Node5_Zero,"[0, 1, 3, 5]",2001.524499,2001.524649,0.006216,3,0,2343.0,"0.0053220512539897905,0.021288205015959162,0.021288205015959162",0.015966,1.664145,1.664145,11,11
2001532698773_Node0_Node5_Zero,"[0, 1, 3, 5]",2001.532699,2001.533009,0.006076,3,0,2343.0,"0.0053220512539897905,0.021288205015959162,0.021288205015959162",0.015966,1.664145,1.664145,11,11
2001540895726_Node0_Node5_Zero,"[0, 1, 3, 5]",2001.540896,2001.541106,0.005915,3,0,2343.0,"0.0053220512539897905,0.021288205015959162,0.021288205015959162",0.015966,1.664145,1.664145,11,11
2001549088279_Node0_Node5_Zero,"[0, 1, 3, 5]",2001.549088,2001.549258,0.006096,3,0,2343.0,"0.0053220512539897905,0.021288205015959162,0.021288205015959162",0.015966,1.664145,1.664145,11,11
2001557287207_Node0_Node5_Zero,"[0, 1, 3, 5]",2001.557287,2001.557497,0.006116,3,0,2343.0,"0.0053220512539897905,0.021288205015959162,0.021288205015959162",0.015966,1.664145,1.664145,11,11
2001565482482_Node0_Node5_Zero,"[0, 1, 3, 5]",2001.565482,2001.565532,0.005836,3,0,2343.0,"0.0053220512539897905,0.021288205015959162,0.021288205015959162",0.015966,1.664145,1.664145,11,11
2001573683912_Node0_Node5_Zero,"[0, 1, 3, 5]",2001.573684,2001.573814,0.006156,3,0,2343.0,"0.0053220512539897905,0.021288205015959162,0.021288205015959162",0.015966,1.664145,1.664145,11,11
2001581877760_Node0_Node5_Zero,"[0, 1, 3, 5]",2001.581878,2001.582028,0.005936,3,0,2343.0,"0.0053220512539897905,0.021288205015959162,0.021288205015959162",0.015966,1.664145,1.664145,11,11
2001590075215_Node0_Node5_Zero,"[0, 1, 3, 5]",2001.590075,2001.590345,0.006076,3,0,2343.0,"0.0053220512539897905,0.021288205015959162,0.021288205015959162",0.015966,1.664145,1.664145,11,11
2001598276244_Node0_Node5_Zero,"[0, 1, 3, 5]",2001.598276,2001.598566,0.006116,3,0,2343.0,"0.0053220512539897905,0.021288205015959162,0.021288205015959162",0.015966,1.664145,1.664145,11,11
2001606471611_Node0_Node5_Zero,"[0, 1, 3, 5]",2001.606472,2001.606522,0.005975,3,0,2343.0,"0.0053220512539897905,0.021288205015959162,0.021288205015959162",0.015966,1.664145,1.664145,11,11
2001614664303_Node0_Node5_Zero,"[0, 1, 3, 5]",2001.614664,2001.614834,0.006196,3,0,2343.0,"0.0053220512539897905,0.021288205015959162,0.021288205015959162",0.015966,1.664145,1.664145,11,11
2001622864420_Node0_Node5_Zero,"[0, 1, 3, 5]",2001.622864,2001.622954,0.005996,3,0,2343.0,"0.0053220512539897905,0.021288205015959162,0.021288205015959162",0.015966,1.664145,1.664145,11,11
2001631057347_Node0_Node5_Zero,"[0, 1, 3, 5]",2001.631057,2001.631127,0.006096,3,0,2343.0,"0.0053220512539897905,0.021288205015959162,0.021288205015959162",0.015966,1.664145,1.664145,11,11
2001639253922_Node0_Node5_Zero,"[0, 1, 3, 5]",2001.639254,2001.639364,0.005776,3,0,2343.0,"0.0053220512539897905,0.021288205015959162,0.021288205015959162",0.015966,1.664145,1.664145,11,11
2001647450380_Node0_Node5_Zero,"[0, 1, 3, 5]",2001.64745,2001.64774,0.006116,3,0,2343.0,"0.0053220512539897905,0.021288205015959162,0.021288205015959162",0.015966,1.664145,1.664145,11,11
2001655647479_Node0_Node5_Zero,"[0, 1, 3, 5]",2001.655647,2001.655837,0.005916,3,0,2343.0,"0.0053220512539897905,0.021288205015959162,0.021288205015959162",0.015966,1.664145,1.664145,11,11
2001663839480_Node0_Node5_Zero,"[0, 1, 3, 5]",2001.663839,2001.664149,0.006236,3,0,2343.0,"0.0053220512539897905,0.021288205015959162,0.021288205015959162",0.015966,1.664145,1.664145,11,11
2001672040347_Node0_Node5_Zero,"[0, 1, 3, 5]",2001.67204,2001.67213,0.005836,3,0,2343.0,"0.0053220512539897905,0.021288205015959162,0.021288205015959162",0.015966,1.664145,1.664145,11,11
2001680234902_Node0_Node5_Zero,"[0, 1, 3, 5]",2001.680235,2001.680545,0.006076,3,0,2343.0,"0.0053220512539897905,0.021288205015959162,0.021288205015959162",0.015966,1.664145,1.664145,11,11
2001688428027_Node0_Node5_Zero,"[0, 1, 3, 5]",2001.688428,2001.688658,0.006216,3,0,2343.0,"0.0053220512539897905,0.021288205015959162,0.021288205015959162",0.015966,1.664145,1.664145,11,11
2001696627381_Node0_Node5_Zero,"[0, 1, 3, 5]",2001.696627,2001.696717,0.006076,3,0,2343.0,"0.0053220512539897905,0.021288205015959162,0.021288205015959162",0.015966,1.664145,1.664145,11,11
2001704827242_Node0_Node5_Zero,"[0, 1, 3, 5]",2001.704827,2001.705157,0.006216,3,0,2343.0,"0.0053220512539897905,0.021288205015959162,0.021288205015959162",0.015966,1.664145,1.664145,11,11
2001713019395_Node0_Node5_Zero,"[0, 1, 3, 5]",2001.713019,2001.713229,0.006216,3,0,2343.0,"0.0053220512539897905,0.021288205015959162,0.021288205015959162",0.015966,1.664145,1.664145,11,11
2001721211492_Node0_Node5_Zero,"[0, 1, 3, 5]",2001.721211,2001.721341,0.006036,3,0,2343.0,"0.0053220512539897905,0.021288205015959162,0.021288205015959162",0.015966,1.664145,1.664145,11,11
2001729412779_Node0_Node5_Zero,"[0, 1, 3, 5]",2001.729413,2001.729463,0.005896,3,0,2343.0,"0.0053220512539897905,0.021288205015959162,0.021288205015959162",0.015966,1.664145,1.664145,11,11
2001737605335_Node0_Node5_Zero,"[0, 1, 3, 5]",2001.737605,2001.737675,0.005716,3,0,2343.0,"0.0053220512539897905,0.021288205015959162,0.021288205015959162",0.015966,1.664145,1.664145,11,11
2001745806216_Node0_Node5_Zero,"[0, 1, 3, 5]",2001.745806,2001.746076,0.006096,3,0,2343.0,"0.0053220512539897905,0.021288205015959162,0.021288205015959162",0.015966,1.664145,1.664145,11,11
2001753999329_Node0_Node5_Zero,"[0, 1, 3, 5]",2001.753999,2001.754069,0.005716,3,0,2343.0,"0.0053220512539897905,0.021288205015959162,0.021288205015959162",0.015966,1.664145,1.664145,11,11
2001762198801_Node0_Node5_Zero,"[0, 1, 3, 5]",2001.762199,2001.762329,0.005976,3,0,2343.0,"0.0053220512539897905,0.021288205015959162,0.021288205015959162",0.015966,1.664145,1.664145,11,11
2001770399728_Node0_Node5_Zero,"[0, 1, 3, 5]",2001.7704,2001.77051,0.005815,3,0,2343.0,"0.0053220512539897905,0.021288205015959162,0.021288205015959162",0.015966,1.664145,1.664145,11,11
2001778594993_Node0_Node5_Zero,"[0, 1, 3, 5]",2001.778595,2001.778925,0.006236,3,0,2343.0,"0.0053220512539897905,0.021288205015959162,0.021288205015959162",0.015966,1.664145,1.664145,11,11
2001786788768_Node0_Node5_Zero,"[0, 1, 3, 5]",2001.786789,2001.787059,0.006316,3,0,2343.0,"0.0053220512539897905,0.021288205015959162,0.021288205015959162",0.015966,1.664145,1.664145,11,11
2001794982577_Node0_Node5_Zero,"[0, 1, 3, 5]",2001.794983,2001.795153,0.006035,3,0,2343.0,"0.0053220512539897905,0.021288205015959162,0.021288205015959162",0.015966,1.664145,1.664145,11,11
2001803182827_Node0_Node5_Zero,"[0, 1, 3, 5]",2001.803183,2001.803233,0.005816,3,0,2343.0,"0.0053220512539897905,0.021288205015959162,0.021288205015959162",0.015966,1.664145,1.664145,11,11
2001811375430_Node0_Node5_Zero,"[0, 1, 3, 5]",2001.811375,2001.811645,0.006076,3,0,2343.0,"0.0053220512539897905,0.021288205015959162,0.021288205015959162",0.015966,1.664145,1.664145,11,11
2001819574559_Node0_Node5_Zero,"[0, 1, 3, 5]",2001.819575,2001.819625,0.006035,3,0,2343.0,"0.0053220512539897905,0.021288205015959162,0.021288205015959162",0.015966,1.664145,1.664145,11,11
2001827772921_Node0_Node5_Zero,"[0, 1, 3, 5]",2001.827773,2001.828123,0.006276,3,0,2343.0,"0.0053220512539897905,0.021288205015959162,0.021288205015959162",0.015966,1.664145,1.664145,11,11
2001835966557_Node0_Node5_Zero,"[0, 1, 3, 5]",2001.835967,2001.836197,0.005975,3,0,2343.0,"0.0053220512539897905,0.021288205015959162,0.021288205015959162",0.015966,1.664145,1.664145,11,11
2001844162282_Node0_Node5_Zero,"[0, 1, 3, 5]",2001.844162,2001.844352,0.006036,3,0,2343.0,"0.0053220512539897905,0.021288205015959162,0.021288205015959162",0.015966,1.664145,1.664145,11,11
2001852358623_Node0_Node5_Zero,"[0, 1, 3, 5]",2001.852359,2001.852529,0.006055,3,0,2343.0,"0.0053220512539897905,0.021288205015959162,0.021288205015959162",0.015966,1.664145,1.664145,11,11
2001860558449_Node0_Node5_Zero,"[0, 1, 3, 5]",2001.860558,2001.860888,0.006036,3,0,2343.0,"0.0053220512539897905,0.021288205015959162,0.021288205015959162",0.015966,1.664145,1.664145,11,11
2001868759088_Node0_Node5_Zero,"[0, 1, 3, 5]",2001.868759,2001.868989,0.006376,3,0,2343.0,"0.0053220512539897905,0.021288205015959162,0.021288205015959162",0.015966,1.664145,1.664145,11,11
2001876952100_Node0_Node5_Zero,"[0, 1, 3, 5]",2001.876952,2001.877302,0.006056,3,0,2343.0,"0.0053220512539897905,0.021288205015959162,0.021288205015959162",0.015966,1.664145,1.664145,11,11
2001885149913_Node0_Node5_Zero,"[0, 1, 3, 5]",2001.88515,2001.88528,0.006056,3,0,2343.0,"0.0053220512539897905,0.021288205015959162,0.021288205015959162",0.015966,1.664145,1.664145,11,11
2001893341835_Node0_Node5_Zero,"[0, 1, 3, 5]",2001.893342,2001.893672,0.006396,3,0,2343.0,"0.0053220512539897905,0.021288205015959162,0.021288205015959162",0.015966,1.664145,1.664145,11,11
2001901535036_Node0_Node5_Zero,"[0, 1, 3, 5]",2001.901535,2001.901705,0.006116,3,0,2343.0,"0.0053220512539897905,0.021288205015959162,0.021288205015959162",0.015966,1.664145,1.664145,11,11
2001909730040_Node0_Node5_Zero,"[0, 1, 3, 5]",2001.90973,2001.90994,0.005796,3,0,2343.0,"0.0053220512539897905,0.021288205015959162,0.021288205015959162",0.015966,1.664145,1.664145,11,11
2001917928046_Node0_Node5_Zero,"[0, 1, 3, 5]",2001.917928,2001.918158,0.005916,3,0,2343.0,"0.0053220512539897905,0.021288205015959162,0.021288205015959162",0.015966,1.664145,1.664145,11,11
2001926124149_Node0_Node5_Zero,"[0, 1, 3, 5]",2001.926124,2001.926314,0.005936,3,0,2343.0,"0.0053220512539897905,0.021288205015959162,0.021288205015959162",0.015966,1.664145,1.664145,11,11
2001934323299_Node0_Node5_Zero,"[0, 1, 3, 5]",2001.934323,2001.934493,0.006216,3,0,2343.0,"0.0053220512539897905,0.021288205015959162,0.021288205015959162",0.015966,1.664145,1.664145,11,11
2001942523864_Node0_Node5_Zero,"[0, 1, 3, 5]",2001.942524,2001.942694,0.005876,3,0,2343.0,"0.0053220512539897905,0.021288205015959162,0.021288205015959162",0.015966,1.664145,1.664145,11,11
2001950725541_Node0_Node5_Zero,"[0, 1, 3, 5]",2001.950726,2001.950856,0.006055,3,0,2343.0,"0.0053220512539897905,0.021288205015959162,0.021288205015959162",0.015966,1.664145,1.664145,11,11
2001958920185_Node0_Node5_Zero,"[0, 1, 3, 5]",2001.95892,2001.95915,0.005976,3,0,2343.0,"0.0053220512539897905,0.021288205015959162,0.021288205015959162",0.015966,1.664145,1.664145,11,11
2001967112074_Node0_Node5_Zero,"[0, 1, 3, 5]",2001.967112,2001.967382,0.006136,3,0,2343.0,"0.0053220512539897905,0.021288205015959162,0.021288205015959162",0.015966,1.664145,1.664145,11,11
2001975308277_Node0_Node5_Zero,"[0, 1, 3, 5]",2001.975308,2001.975358,0.005916,3,0,2343.0,"0.0053220512539897905,0.021288205015959162,0.021288205015959162",0.015966,1.664145,1.664145,11,11
2001983503714_Node0_Node5_Zero,"[0, 1, 3, 5]",2001.983504,2001.983634,0.006095,3,0,2343.0,"0.0053220512539897905,0.021288205015959162,0.021288205015959162",0.015966,1.664145,1.664145,11,11
2001991696772_Node0_Node5_Zero,"[0, 1, 3, 5]",2001.991697,2001.992047,0.006376,3,0,2343.0,"0.0053220512539897905,0.021288205015959162,0.021288205015959162",0.015966,1.664145,1.664145,11,11
2001999896033_Node0_Node5_Zero,"[0, 1, 3, 5]",2001.999896,2002.000186,0.006076,3,0,2343.0,"0.0053220512539897905,0.021288205015959162,0.021288205015959162",0.015966,1.664145,1.664145,11,11
2002008096682_Node0_Node5_Zero,"[0, 1, 3, 5]",2002.008097,2002.008387,0.006395,3,0,2343.0,"0.0053220512539897905,0.021288205015959162,0.021288205015959162",0.015966,1.664145,1.664145,11,11
2002016296293_Node0_Node5_Zero,"[0, 1, 3, 5]",2002.016296,2002.016526,0.006256,3,0,2343.0,"0.0053220512539897905,0.021288205015959162,0.021288205015959162",0.015966,1.664145,1.664145,11,11
2002024491959_Node0_Node5_Zero,"[0, 1, 3, 5]",2002.024492,2002.024762,0.006276,3,0,2343.0,"0.0053220512539897905,0.021288205015959162,0.021288205015959162",0.015966,1.664145,1.664145,11,11
2002032687188_Node0_Node5_Zero,"[0, 1, 3, 5]",2002.032687,2002.032857,0.006036,3,0,2343.0,"0.0053220512539897905,0.021288205015959162,0.021288205015959162",0.015966,1.664145,1.664145,11,11
2002040886858_Node0_Node5_Zero,"[0, 1, 3, 5]",2002.040887,2002.041057,0.005956,3,0,2343.0,"0.0053220512539897905,0.021288205015959162,0.021288205015959162",0.015966,1.664145,1.664145,11,11
2002049079675_Node0_Node5_Zero,"[0, 1, 3, 5]",2002.04908,2002.04943,0.006095,3,0,2343.0,"0.0053220512539897905,0.021288205015959162,0.021288205015959162",0.015966,1.664145,1.664145,11,11
2002057274861_Node0_Node5_Zero,"[0, 1, 3, 5]",2002.057275,2002.057385,0.006076,3,0,2343.0,"0.0053220512539897905,0.021288205015959162,0.021288205015959162",0.015966,1.664145,1.664145,11,11
2002065473121_Node0_Node5_Zero,"[0, 1, 3, 5]",2002.065473,2002.065563,0.005836,3,0,2343.0,"0.0053220512539897905,0.021288205015959162,0.021288205015959162",0.015966,1.664145,1.664145,11,11
2002073671002_Node0_Node5_Zero,"[0, 1, 3, 5]",2002.073671,2002.073861,0.005956,3,0,2343.0,"0.0053220512539897905,0.021288205015959162,0.021288205015959162",0.015966,1.664145,1.664145,11,11
2002081862889_Node0_Node5_Zero,"[0, 1, 3, 5]",2002.081863,2002.081993,0.005976,3,0,2343.0,"0.0053220512539897905,0.021288205015959162,0.021288205015959162",0.015966,1.664145,1.664145,11,11
2002090061474_Node0_Node5_Zero,"[0, 1, 3, 5]",2002.090061,2002.090111,0.005936,3,0,2343.0,"0.0053220512539897905,0.021288205015959162,0.021288205015959162",0.015966,1.664145,1.664145,11,11
2002098256423_Node0_Node5_Zero,"[0, 1, 3, 5]",2002.098256,2002.098606,0.006136,3,0,2343.0,"0.0053220512539897905,0.021288205015959162,0.021288205015959162",0.015966,1.664145,1.664145,11,11
2002106455437_Node0_Node5_Zero,"[0, 1, 3, 5]",2002.106455,2002.106505,0.005816,3,0,2343.0,"0.0053220512539897905,0.021288205015959162,0.021288205015959162",0.015966,1.664145,1.664145,11,11
2002114655802_Node0_Node5_Zero,"[0, 1, 3, 5]",2002.114656,2002.114906,0.006036,3,0,2343.0,"0.0053220512539897905,0.021288205015959162,0.021288205015959162",0.015966,1.664145,1.664145,11,11
2002122848358_Node0_Node5_Zero,"[0, 1, 3, 5]",2002.122848,2002.122898,0.005816,3,0,2343.0,"0.0053220512539897905,0.021288205015959162,0.021288205015959162",0.015966,1.664145,1.664145,11,11
2002131043595_Node0_Node5_Zero,"[0, 1, 3, 5]",2002.131044,2002.131154,0.005875,3,0,2343.0,"0.0053220512539897905,0.021288205015959162,0.021288205015959162",0.015966,1.664145,1.664145,11,11
2002139239836_Node0_Node5_Zero,"[0, 1, 3, 5]",2002.13924,2002.13937,0.005936,3,0,2343.0,"0.0053220512539897905,0.021288205015959162,0.021288205015959162",0.015966,1.664145,1.664145,11,11
2002147431707_Node0_Node5_Zero,"[0, 1, 3, 5]",2002.147432,2002.147622,0.006155,3,0,2343.0,"0.0053220512539897905,0.021288205015959162,0.021288205015959162",0.015966,1.664145,1.664145,11,11
2002155624392_Node0_Node5_Zero,"[0, 1, 3, 5]",2002.155624,2002.155914,0.006336,3,0,2343.0,"0.0053220512539897905,0.021288205015959162,0.021288205015959162",0.015966,1.664145,1.664145,11,11
2002163818370_Node0_Node5_Zero,"[0, 1, 3, 5]",2002.163818,2002.164068,0.006016,3,0,2343.0,"0.0053220512539897905,0.021288205015959162,0.021288205015959162",0.015966,1.664145,1.664145,11,11
2002172019042_Node0_Node5_Zero,"[0, 1, 3, 5]",2002.172019,2002.172149,0.005816,3,0,2343.0,"0.0053220512539897905,0.021288205015959162,0.021288205015959162",0.015966,1.664145,1.664145,11,11
2002180218218_Node0_Node5_Zero,"[0, 1, 3, 5]",2002.180218,2002.180288,0.006116,3,0,2343.0,"0.0053220512539897905,0.021288205015959162,0.021288205015959162",0.015966,1.664145,1.664145,11,11
2002188419686_Node0_Node5_Zero,"[0, 1, 3, 5]",2002.18842,2002.18851,0.005975,3,0,2343.0,"0.0053220512539897905,0.021288205015959162,0.021288205015959162",0.015966,1.664145,1.664145,11,11
2002196616699_Node0_Node5_Zero,"[0, 1, 3, 5]",2002.196617,2002.196707,0.005915,3,0,2343.0,"0.0053220512539897905,0.021288205015959162,0.021288205015959162",0.015966,1.664145,1.664145,11,11
2002204816114_Node0_Node5_Zero,"[0, 1, 3, 5]",2002.204816,2002.205006,0.006056,3,0,2343.0,"0.0053220512539897905,0.021288205015959162,0.021288205015959162",0.015966,1.664145,1.664145,11,11
2002213008249_Node0_Node5_Zero,"[0, 1, 3, 5]",2002.213008,2002.213338,0.006176,3,0,2343.0,"0.0053220512539897905,0.021288205015959162,0.021288205015959162",0.015966,1.664145,1.664145,11,11
2002221208791_Node0_Node5_Zero,"[0, 1, 3, 5]",2002.221209,2002.221379,0.006096,3,0,2343.0,"0.0053220512539897905,0.021288205015959162,0.021288205015959162",0.015966,1.664145,1.664145,11,11
2002229408086_Node0_Node5_Zero,"[0, 1, 3, 5]",2002.229408,2002.229638,0.006036,3,0,2343.0,"0.0053220512539897905,0.021288205015959162,0.021288205015959162",0.015966,1.664145,1.664145,11,11
2002237607307_Node0_Node5_Zero,"[0, 1, 3, 5]",2002.237607,2002.237957,0.006276,3,0,2343.0,"0.0053220512539897905,0.021288205015959162,0.021288205015959162",0.015966,1.664145,1.664145,11,11
2002245802165_Node0_Node5_Zero,"[0, 1, 3, 5]",2002.245802,2002.245892,0.005976,3,0,2343.0,"0.0053220512539897905,0.021288205015959162,0.021288205015959162",0.015966,1.664145,1.664145,11,11
2002253997791_Node0_Node5_Zero,"[0, 1, 3, 5]",2002.253998,2002.254188,0.006196,3,0,2343.0,"0.0053220512539897905,0.021288205015959162,0.021288205015959162",0.015966,1.664145,1.664145,11,11
2002262192462_Node0_Node5_Zero,"[0, 1, 3, 5]",2002.262192,2002.262522,0.006416,3,0,2343.0,"0.0053220512539897905,0.021288205015959162,0.021288205015959162",0.015966,1.664145,1.664145,11,11
2002270388426_Node0_Node5_Zero,"[0, 1, 3, 5]",2002.270388,2002.270658,0.006256,3,0,2343.0,"0.0053220512539897905,0.021288205015959162,0.021288205015959162",0.015966,1.664145,1.664145,11,11
2002278587172_Node0_Node5_Zero,"[0, 1, 3, 5]",2002.278587,2002.278937,0.006236,3,0,2343.0,"0.0053220512539897905,0.021288205015959162,0.021288205015959162",0.015966,1.664145,1.664145,11,11
2002286785681_Node0_Node5_Zero,"[0, 1, 3, 5]",2002.286786,2002.287036,0.006015,3,0,2343.0,"0.0053220512539897905,0.021288205015959162,0.021288205015959162",0.015966,1.664145,1.664145,11,11
2002294985279_Node0_Node5_Zero,"[0, 1, 3, 5]",2002.294985,2002.295335,0.006216,3,0,2343.0,"0.0053220512539897905,0.021288205015959162,0.021288205015959162",0.015966,1.664145,1.664145,11,11
2002303177115_Node0_Node5_Zero,"[0, 1, 3, 5]",2002.303177,2002.303327,0.005876,3,0,2343.0,"0.0053220512539897905,0.021288205015959162,0.021288205015959162",0.015966,1.664145,1.664145,11,11
2002311377515_Node0_Node5_Zero,"[0, 1, 3, 5]",2002.311378,2002.311668,0.006195,3,0,2343.0,"0.0053220512539897905,0.021288205015959162,0.021288205015959162",0.015966,1.664145,1.664145,11,11
2002319575732_Node0_Node5_Zero,"[0, 1, 3, 5]",2002.319576,2002.319826,0.006075,3,0,2343.0,"0.0053220512539897905,0.021288205015959162,0.021288205015959162",0.015966,1.664145,1.664145,11,11
2002327769316_Node0_Node5_Zero,"[0, 1, 3, 5]",2002.327769,2002.328059,0.006176,3,0,2343.0,"0.0053220512539897905,0.021288205015959162,0.021288205015959162",0.015966,1.664145,1.664145,11,11
2002335965987_Node0_Node5_Zero,"[0, 1, 3, 5]",2002.335966,2002.336316,0.005996,3,0,2343.0,"0.0053220512539897905,0.021288205015959162,0.021288205015959162",0.015966,1.664145,1.664145,11,11
2002344161067_Node0_Node5_Zero,"[0, 1, 3, 5]",2002.344161,2002.344211,0.005856,3,0,2343.0,"0.0053220512539897905,0.021288205015959162,0.021288205015959162",0.015966,1.664145,1.664145,11,11
2002352355285_Node0_Node5_Zero,"[0, 1, 3, 5]",2002.352355,2002.352685,0.006156,3,0,2343.0,"0.0053220512539897905,0.021288205015959162,0.021288205015959162",0.015966,1.664145,1.664145,11,11
2002360551061_Node0_Node5_Zero,"[0, 1, 3, 5]",2002.360551,2002.360881,0.006116,3,0,2343.0,"0.0053220512539897905,0.021288205015959162,0.021288205015959162",0.015966,1.664145,1.664145,11,11
2002368747505_Node0_Node5_Zero,"[0, 1, 3, 5]",2002.368748,2002.368818,0.005955,3,0,2343.0,"0.0053220512539897905,0.021288205015959162,0.021288205015959162",0.015966,1.664145,1.664145,11,11
2002376942639_Node0_Node5_Zero,"[0, 1, 3, 5]",2002.376943,2002.377073,0.006095,3,0,2343.0,"0.0053220512539897905,0.021288205015959162,0.021288205015959162",0.015966,1.664145,1.664145,11,11
2002385135160_Node0_Node5_Zero,"[0, 1, 3, 5]",2002.385135,2002.385225,0.005756,3,0,2343.0,"0.0053220512539897905,0.021288205015959162,0.021288205015959162",0.015966,1.664145,1.664145,11,11
2002393335350_Node0_Node5_Zero,"[0, 1, 3, 5]",2002.393335,2002.393505,0.005776,3,0,2343.0,"0.0053220512539897905,0.021288205015959162,0.021288205015959162",0.015966,1.664145,1.664145,11,11
2002401527572_Node0_Node5_Zero,"[0, 1, 3, 5]",2002.401528,2002.401698,0.006035,3,0,2343.0,"0.0053220512539897905,0.021288205015959162,0.021288205015959162",0.015966,1.664145,1.664145,11,11
2002409725614_Node0_Node5_Zero,"[0, 1, 3, 5]",2002.409726,2002.409776,0.005715,3,0,2343.0,"0.0053220512539897905,0.021288205015959162,0.021288205015959162",0.015966,1.664145,1.664145,11,11
2002417923019_Node0_Node5_Zero,"[0, 1, 3, 5]",2002.417923,2002.418273,0.006276,3,0,2343.0,"0.0053220512539897905,0.021288205015959162,0.021288205015959162",0.015966,1.664145,1.664145,11,11
2002426118885_Node0_Node5_Zero,"[0, 1, 3, 5]",2002.426119,2002.426229,0.005696,3,0,2343.0,"0.0053220512539897905,0.021288205015959162,0.021288205015959162",0.015966,1.664145,1.664145,11,11
2002434312858_Node0_Node5_Zero,"[0, 1, 3, 5]",2002.434313,2002.434523,0.005836,3,0,2343.0,"0.0053220512539897905,0.021288205015959162,0.021288205015959162",0.015966,1.664145,1.664145,11,11
2002442513469_Node0_Node5_Zero,"[0, 1, 3, 5]",2002.442513,2002.442803,0.006316,3,0,2343.0,"0.0053220512539897905,0.021288205015959162,0.021288205015959162",0.015966,1.664145,1.664145,11,11
2002450705991_Node0_Node5_Zero,"[0, 1, 3, 5]",2002.450706,2002.450796,0.006156,3,0,2343.0,"0.0053220512539897905,0.021288205015959162,0.021288205015959162",0.015966,1.664145,1.664145,11,11
2002458901909_Node0_Node5_Zero,"[0, 1, 3, 5]",2002.458902,2002.459012,0.005796,3,0,2343.0,"0.0053220512539897905,0.021288205015959162,0.021288205015959162",0.015966,1.664145,1.664145,11,11
2002467096312_Node0_Node5_Zero,"[0, 1, 3, 5]",2002.467096,2002.467246,0.006176,3,0,2343.0,"0.0053220512539897905,0.021288205015959162,0.021288205015959162",0.015966,1.664145,1.664145,11,11
2002475289532_Node0_Node5_Zero,"[0, 1, 3, 5]",2002.47529,2002.47544,0.006115,3,0,2343.0,"0.0053220512539897905,0.021288205015959162,0.021288205015959162",0.015966,1.664145,1.664145,11,11
2002483485662_Node0_Node5_Zero,"[0, 1, 3, 5]",2002.483486,2002.483756,0.006055,3,0,2343.0,"0.0053220512539897905,0.021288205015959162,0.021288205015959162",0.015966,1.664145,1.664145,11,11
2002491685742_Node0_Node5_Zero,"[0, 1, 3, 5]",2002.491686,2002.491876,0.006055,3,0,2343.0,"0.0053220512539897905,0.021288205015959162,0.021288205015959162",0.015966,1.664145,1.664145,11,11
2002499881074_Node0_Node5_Zero,"[0, 1, 3, 5]",2002.499881,2002.500131,0.006256,3,0,2343.0,"0.0053220512539897905,0.021288205015959162,0.021288205015959162",0.015966,1.664145,1.664145,11,11
2002508079592_Node0_Node5_Zero,"[0, 1, 3, 5]",2002.50808,2002.50833,0.006275,3,0,2343.0,"0.0053220512539897905,0.021288205015959162,0.021288205015959162",0.015966,1.664145,1.664145,11,11
2002516274025_Node0_Node5_Zero,"[0, 1, 3, 5]",2002.516274,2002.516504,0.006116,3,0,2343.0,"0.0053220512539897905,0.021288205015959162,0.021288205015959162",0.015966,1.664145,1.664145,11,11
2002524467037_Node0_Node5_Zero,"[0, 1, 3, 5]",2002.524467,2002.524637,0.006096,3,0,2343.0,"0.0053220512539897905,0.021288205015959162,0.021288205015959162",0.015966,1.664145,1.664145,11,11
2002532662728_Node0_Node5_Zero,"[0, 1, 3, 5]",2002.532663,2002.532713,0.005875,3,0,2343.0,"0.0053220512539897905,0.021288205015959162,0.021288205015959162",0.015966,1.664145,1.664145,11,11
2002540859917_Node0_Node5_Zero,"[0, 1, 3, 5]",2002.54086,2002.54109,0.005896,3,0,2343.0,"0.0053220512539897905,0.021288205015959162,0.021288205015959162",0.015966,1.664145,1.664145,11,11
2002549051815_Node0_Node5_Zero,"[0, 1, 3, 5]",2002.549052,2002.549162,0.005756,3,0,2343.0,"0.0053220512539897905,0.021288205015959162,0.021288205015959162",0.015966,1.664145,1.664145,11,11
2002557249777_Node0_Node5_Zero,"[0, 1, 3, 5]",2002.55725,2002.55746,0.006016,3,0,2343.0,"0.0053220512539897905,0.021288205015959162,0.021288205015959162",0.015966,1.664145,1.664145,11,11
2002565447628_Node0_Node5_Zero,"[0, 1, 3, 5]",2002.565448,2002.565758,0.006095,3,0,2343.0,"0.0053220512539897905,0.021288205015959162,0.021288205015959162",0.015966,1.664145,1.664145,11,11
2002573640280_Node0_Node5_Zero,"[0, 1, 3, 5]",2002.57364,2002.57399,0.006256,3,0,2343.0,"0.0053220512539897905,0.021288205015959162,0.021288205015959162",0.015966,1.664145,1.664145,11,11
2002581833257_Node0_Node5_Zero,"[0, 1, 3, 5]",2002.581833,2002.582163,0.006136,3,0,2343.0,"0.0053220512539897905,0.021288205015959162,0.021288205015959162",0.015966,1.664145,1.664145,11,11
2002590033492_Node0_Node5_Zero,"[0, 1, 3, 5]",2002.590033,2002.590143,0.006016,3,0,2343.0,"0.0053220512539897905,0.021288205015959162,0.021288205015959162",0.015966,1.664145,1.664145,11,11
2002598230283_Node0_Node5_Zero,"[0, 1, 3, 5]",2002.59823,2002.59828,0.005736,3,0,2343.0,"0.0053220512539897905,0.021288205015959162,0.021288205015959162",0.015966,1.664145,1.664145,11,11
2002606426360_Node0_Node5_Zero,"[0, 1, 3, 5]",2002.606426,2002.606556,0.006076,3,0,2343.0,"0.0053220512539897905,0.021288205015959162,0.021288205015959162",0.015966,1.664145,1.664145,11,11
2002614618636_Node0_Node5_Zero,"[0, 1, 3, 5]",2002.614619,2002.614829,0.005855,3,0,2343.0,"0.0053220512539897905,0.021288205015959162,0.021288205015959162",0.015966,1.664145,1.664145,11,11
2002622811711_Node0_Node5_Zero,"[0, 1, 3, 5]",2002.622812,2002.622942,0.005735,3,0,2343.0,"0.0053220512539897905,0.021288205015959162,0.021288205015959162",0.015966,1.664145,1.664145,11,11
2002631004658_Node0_Node5_Zero,"[0, 1, 3, 5]",2002.631005,2002.631075,0.005855,3,0,2343.0,"0.0053220512539897905,0.021288205015959162,0.021288205015959162",0.015966,1.664145,1.664145,11,11
2002639203808_Node0_Node5_Zero,"[0, 1, 3, 5]",2002.639204,2002.639254,0.006056,3,0,2343.0,"0.0053220512539897905,0.021288205015959162,0.021288205015959162",0.015966,1.664145,1.664145,11,11
2002647399782_Node0_Node5_Zero,"[0, 1, 3, 5]",2002.6474,2002.64767,0.005836,3,0,2343.0,"0.0053220512539897905,0.021288205015959162,0.021288205015959162",0.015966,1.664145,1.664145,11,11
2002655596044_Node0_Node5_Zero,"[0, 1, 3, 5]",2002.655596,2002.655826,0.006116,3,0,2343.0,"0.0053220512539897905,0.021288205015959162,0.021288205015959162",0.015966,1.664145,1.664145,11,11
2002663795033_Node0_Node5_Zero,"[0, 1, 3, 5]",2002.663795,2002.664145,0.006316,3,0,2343.0,"0.0053220512539897905,0.021288205015959162,0.021288205015959162",0.015966,1.664145,1.664145,11,11
2002671992651_Node0_Node5_Zero,"[0, 1, 3, 5]",2002.671993,2002.672063,0.005895,3,0,2343.0,"0.0053220512539897905,0.021288205015959162,0.021288205015959162",0.015966,1.664145,1.664145,11,11
2002680192955_Node0_Node5_Zero,"[0, 1, 3, 5]",2002.680193,2002.680523,0.006076,3,0,2343.0,"0.0053220512539897905,0.021288205015959162,0.021288205015959162",0.015966,1.664145,1.664145,11,11
2002688388822_Node0_Node5_Zero,"[0, 1, 3, 5]",2002.688389,2002.688699,0.006156,3,0,2343.0,"0.0053220512539897905,0.021288205015959162,0.021288205015959162",0.015966,1.664145,1.664145,11,11
2002696587834_Node0_Node5_Zero,"[0, 1, 3, 5]",2002.696588,2002.696638,0.005816,3,0,2343.0,"0.0053220512539897905,0.021288205015959162,0.021288205015959162",0.015966,1.664145,1.664145,11,11
2002704785105_Node0_Node5_Zero,"[0, 1, 3, 5]",2002.704785,2002.704975,0.006236,3,0,2343.0,"0.0053220512539897905,0.021288205015959162,0.021288205015959162",0.015966,1.664145,1.664145,11,11
2002712983798_Node0_Node5_Zero,"[0, 1, 3, 5]",2002.712984,2002.713234,0.006256,3,0,2343.0,"0.0053220512539897905,0.021288205015959162,0.021288205015959162",0.015966,1.664145,1.664145,11,11
2002721181334_Node0_Node5_Zero,"[0, 1, 3, 5]",2002.721181,2002.721511,0.006156,3,0,2343.0,"0.0053220512539897905,0.021288205015959162,0.021288205015959162",0.015966,1.664145,1.664145,11,11
2002729374929_Node0_Node5_Zero,"[0, 1, 3, 5]",2002.729375,2002.729625,0.006076,3,0,2343.0,"0.0053220512539897905,0.021288205015959162,0.021288205015959162",0.015966,1.664145,1.664145,11,11
2002737573613_Node0_Node5_Zero,"[0, 1, 3, 5]",2002.737574,2002.737824,0.006215,3,0,2343.0,"0.0053220512539897905,0.021288205015959162,0.021288205015959162",0.015966,1.664145,1.664145,11,11
2002745770699_Node0_Node5_Zero,"[0, 1, 3, 5]",2002.745771,2002.745901,0.005995,3,0,2343.0,"0.0053220512539897905,0.021288205015959162,0.021288205015959162",0.015966,1.664145,1.664145,11,11
2002753964822_Node0_Node5_Zero,"[0, 1, 3, 5]",2002.753965,2002.754175,0.006096,3,0,2343.0,"0.0053220512539897905,0.021288205015959162,0.021288205015959162",0.015966,1.664145,1.664145,11,11
2002762163253_Node0_Node5_Zero,"[0, 1, 3, 5]",2002.762163,2002.762293,0.006256,3,0,2343.0,"0.0053220512539897905,0.021288205015959162,0.021288205015959162",0.015966,1.664145,1.664145,11,11
2002770356888_Node0_Node5_Zero,"[0, 1, 3, 5]",2002.770357,2002.770627,0.006296,3,0,2343.0,"0.0053220512539897905,0.021288205015959162,0.021288205015959162",0.015966,1.664145,1.664145,11,11
2002778551707_Node0_Node5_Zero,"[0, 1, 3, 5]",2002.778552,2002.778642,0.005975,3,0,2343.0,"0.0053220512539897905,0.021288205015959162,0.021288205015959162",0.015966,1.664145,1.664145,11,11
2002786744450_Node0_Node5_Zero,"[0, 1, 3, 5]",2002.786744,2002.786854,0.005896,3,0,2343.0,"0.0053220512539897905,0.021288205015959162,0.021288205015959162",0.015966,1.664145,1.664145,11,11
2002794938819_Node0_Node5_Zero,"[0, 1, 3, 5]",2002.794939,2002.795049,0.005936,3,0,2343.0,"0.0053220512539897905,0.021288205015959162,0.021288205015959162",0.015966,1.664145,1.664145,11,11
2002803139038_Node0_Node5_Zero,"[0, 1, 3, 5]",2002.803139,2002.803469,0.006196,3,0,2343.0,"0.0053220512539897905,0.021288205015959162,0.021288205015959162",0.015966,1.664145,1.664145,11,11
2002811335825_Node0_Node5_Zero,"[0, 1, 3, 5]",2002.811336,2002.811686,0.006156,3,0,2343.0,"0.0053220512539897905,0.021288205015959162,0.021288205015959162",0.015966,1.664145,1.664145,11,11
2002819533006_Node0_Node5_Zero,"[0, 1, 3, 5]",2002.819533,2002.819643,0.005856,3,0,2343.0,"0.0053220512539897905,0.021288205015959162,0.021288205015959162",0.015966,1.664145,1.664145,11,11
2002827727096_Node0_Node5_Zero,"[0, 1, 3, 5]",2002.827727,2002.827857,0.005776,3,0,2343.0,"0.0053220512539897905,0.021288205015959162,0.021288205015959162",0.015966,1.664145,1.664145,11,11
2002835921027_Node0_Node5_Zero,"[0, 1, 3, 5]",2002.835921,2002.836171,0.006216,3,0,2343.0,"0.0053220512539897905,0.021288205015959162,0.021288205015959162",0.015966,1.664145,1.664145,11,11
2002844121131_Node0_Node5_Zero,"[0, 1, 3, 5]",2002.844121,2002.844411,0.006196,3,0,2343.0,"0.0053220512539897905,0.021288205015959162,0.021288205015959162",0.015966,1.664145,1.664145,11,11
2002852320541_Node0_Node5_Zero,"[0, 1, 3, 5]",2002.852321,2002.852451,0.005815,3,0,2343.0,"0.0053220512539897905,0.021288205015959162,0.021288205015959162",0.015966,1.664145,1.664145,11,11
2002860514023_Node0_Node5_Zero,"[0, 1, 3, 5]",2002.860514,2002.860624,0.006096,3,0,2343.0,"0.0053220512539897905,0.021288205015959162,0.021288205015959162",0.015966,1.664145,1.664145,11,11
2002868711935_Node0_Node5_Zero,"[0, 1, 3, 5]",2002.868712,2002.868802,0.005936,3,0,2343.0,"0.0053220512539897905,0.021288205015959162,0.021288205015959162",0.015966,1.664145,1.664145,11,11
2002876910823_Node0_Node5_Zero,"[0, 1, 3, 5]",2002.876911,2002.877081,0.005916,3,0,2343.0,"0.0053220512539897905,0.021288205015959162,0.021288205015959162",0.015966,1.664145,1.664145,11,11
2002885102925_Node0_Node5_Zero,"[0, 1, 3, 5]",2002.885103,2002.885413,0.006136,3,0,2343.0,"0.0053220512539897905,0.021288205015959162,0.021288205015959162",0.015966,1.664145,1.664145,11,11
2002893301206_Node0_Node5_Zero,"[0, 1, 3, 5]",2002.893301,2002.893571,0.006056,3,0,2343.0,"0.0053220512539897905,0.021288205015959162,0.021288205015959162",0.015966,1.664145,1.664145,11,11
2002901498415_Node0_Node5_Zero,"[0, 1, 3, 5]",2002.901498,2002.901808,0.006136,3,0,2343.0,"0.0053220512539897905,0.021288205015959162,0.021288205015959162",0.015966,1.664145,1.664145,11,11
2002909693467_Node0_Node5_Zero,"[0, 1, 3, 5]",2002.909693,2002.909923,0.005956,3,0,2343.0,"0.0053220512539897905,0.021288205015959162,0.021288205015959162",0.015966,1.664145,1.664145,11,11
2002917887017_Node0_Node5_Zero,"[0, 1, 3, 5]",2002.917887,2002.917957,0.005756,3,0,2343.0,"0.0053220512539897905,0.021288205015959162,0.021288205015959162",0.015966,1.664145,1.664145,11,11
2002926082255_Node0_Node5_Zero,"[0, 1, 3, 5]",2002.926082,2002.926252,0.006256,3,0,2343.0,"0.0053220512539897905,0.021288205015959162,0.021288205015959162",0.015966,1.664145,1.664145,11,11
2002934283690_Node0_Node5_Zero,"[0, 1, 3, 5]",2002.934284,2002.934474,0.006155,3,0,2343.0,"0.0053220512539897905,0.021288205015959162,0.021288205015959162",0.015966,1.664145,1.664145,11,11
2002942476164_Node0_Node5_Zero,"[0, 1, 3, 5]",2002.942476,2002.942526,0.005856,3,0,2343.0,"0.0053220512539897905,0.021288205015959162,0.021288205015959162",0.015966,1.664145,1.664145,11,11
2002950673485_Node0_Node5_Zero,"[0, 1, 3, 5]",2002.950673,2002.950983,0.006056,3,0,2343.0,"0.0053220512539897905,0.021288205015959162,0.021288205015959162",0.015966,1.664145,1.664145,11,11
2002958867084_Node0_Node5_Zero,"[0, 1, 3, 5]",2002.958867,2002.959097,0.006096,3,0,2343.0,"0.0053220512539897905,0.021288205015959162,0.021288205015959162",0.015966,1.664145,1.664145,11,11
2002967067020_Node0_Node5_Zero,"[0, 1, 3, 5]",2002.967067,2002.967157,0.006076,3,0,2343.0,"0.0053220512539897905,0.021288205015959162,0.021288205015959162",0.015966,1.664145,1.664145,11,11
2002975265645_Node0_Node5_Zero,"[0, 1, 3, 5]",2002.975266,2002.975356,0.006035,3,0,2343.0,"0.0053220512539897905,0.021288205015959162,0.021288205015959162",0.015966,1.664145,1.664145,11,11
2002983466738_Node0_Node5_Zero,"[0, 1, 3, 5]",2002.983467,2002.983757,0.006435,3,0,2343.0,"0.0053220512539897905,0.021288205015959162,0.021288205015959162",0.015966,1.664145,1.664145,11,11
2002991660564_Node0_Node5_Zero,"[0, 1, 3, 5]",2002.991661,2002.991791,0.005955,3,0,2343.0,"0.0053220512539897905,0.021288205015959162,0.021288205015959162",0.015966,1.664145,1.664145,11,11
2002999855340_Node0_Node5_Zero,"[0, 1, 3, 5]",2002.999855,2002.999985,0.006016,3,0,2343.0,"0.0053220512539897905,0.021288205015959162,0.021288205015959162",0.015966,1.664145,1.664145,11,11
2003008050323_Node0_Node5_Zero,"[0, 1, 3, 5]",2003.00805,2003.00814,0.006076,3,0,2343.0,"0.0053220512539897905,0.021288205015959162,0.021288205015959162",0.015966,1.664145,1.664145,11,11
2003016245219_Node0_Node5_Zero,"[0, 1, 3, 5]",2003.016245,2003.016435,0.006016,3,0,2343.0,"0.0053220512539897905,0.021288205015959162,0.021288205015959162",0.015966,1.664145,1.664145,11,11
2003024446162_Node0_Node5_Zero,"[0, 1, 3, 5]",2003.024446,2003.024596,0.005916,3,0,2343.0,"0.0053220512539897905,0.021288205015959162,0.021288205015959162",0.015966,1.664145,1.664145,11,11
2003032640799_Node0_Node5_Zero,"[0, 1, 3, 5]",2003.032641,2003.032751,0.005936,3,0,2343.0,"0.0053220512539897905,0.021288205015959162,0.021288205015959162",0.015966,1.664145,1.664145,11,11
2003040841050_Node0_Node5_Zero,"[0, 1, 3, 5]",2003.040841,2003.041051,0.006236,3,0,2343.0,"0.0053220512539897905,0.021288205015959162,0.021288205015959162",0.015966,1.664145,1.664145,11,11
2003049039767_Node0_Node5_Zero,"[0, 1, 3, 5]",2003.04904,2003.04913,0.005976,3,0,2343.0,"0.0053220512539897905,0.021288205015959162,0.021288205015959162",0.015966,1.664145,1.664145,11,11
2003057238496_Node0_Node5_Zero,"[0, 1, 3, 5]",2003.057238,2003.057388,0.005856,3,0,2343.0,"0.0053220512539897905,0.021288205015959162,0.021288205015959162",0.015966,1.664145,1.664145,11,11
2003065435955_Node0_Node5_Zero,"[0, 1, 3, 5]",2003.065436,2003.065546,0.006096,3,0,2343.0,"0.0053220512539897905,0.021288205015959162,0.021288205015959162",0.015966,1.664145,1.664145,11,11
2003073627966_Node0_Node5_Zero,"[0, 1, 3, 5]",2003.073628,2003.073918,0.006116,3,0,2343.0,"0.0053220512539897905,0.021288205015959162,0.021288205015959162",0.015966,1.664145,1.664145,11,11
2003081820891_Node0_Node5_Zero,"[0, 1, 3, 5]",2003.081821,2003.082151,0.006036,3,0,2343.0,"0.0053220512539897905,0.021288205015959162,0.021288205015959162",0.015966,1.664145,1.664145,11,11
2003090018865_Node0_Node5_Zero,"[0, 1, 3, 5]",2003.090019,2003.090089,0.005636,3,0,2343.0,"0.0053220512539897905,0.021288205015959162,0.021288205015959162",0.015966,1.664145,1.664145,11,11
2003098218729_Node0_Node5_Zero,"[0, 1, 3, 5]",2003.098219,2003.098289,0.005815,3,0,2343.0,"0.0053220512539897905,0.021288205015959162,0.021288205015959162",0.015966,1.664145,1.664145,11,11
2003106415811_Node0_Node5_Zero,"[0, 1, 3, 5]",2003.106416,2003.106726,0.006056,3,0,2343.0,"0.0053220512539897905,0.021288205015959162,0.021288205015959162",0.015966,1.664145,1.664145,11,11
2003114611631_Node0_Node5_Zero,"[0, 1, 3, 5]",2003.114612,2003.114942,0.006095,3,0,2343.0,"0.0053220512539897905,0.021288205015959162,0.021288205015959162",0.015966,1.664145,1.664145,11,11
2003122811255_Node0_Node5_Zero,"[0, 1, 3, 5]",2003.122811,2003.123021,0.005976,3,0,2343.0,"0.0053220512539897905,0.021288205015959162,0.021288205015959162",0.015966,1.664145,1.664145,11,11
2003131008094_Node0_Node5_Zero,"[0, 1, 3, 5]",2003.131008,2003.131138,0.006016,3,0,2343.0,"0.0053220512539897905,0.021288205015959162,0.021288205015959162",0.015966,1.664145,1.664145,11,11
2003139204843_Node0_Node5_Zero,"[0, 1, 3, 5]",2003.139205,2003.139495,0.006296,3,0,2343.0,"0.0053220512539897905,0.021288205015959162,0.021288205015959162",0.015966,1.664145,1.664145,11,11
2003147403388_Node0_Node5_Zero,"[0, 1, 3, 5]",2003.147403,2003.147653,0.006076,3,0,2343.0,"0.0053220512539897905,0.021288205015959162,0.021288205015959162",0.015966,1.664145,1.664145,11,11
2003155599995_Node0_Node5_Zero,"[0, 1, 3, 5]",2003.1556,2003.15567,0.006016,3,0,2343.0,"0.0053220512539897905,0.021288205015959162,0.021288205015959162",0.015966,1.664145,1.664145,11,11
2003163796537_Node0_Node5_Zero,"[0, 1, 3, 5]",2003.163797,2003.163847,0.006135,3,0,2343.0,"0.0053220512539897905,0.021288205015959162,0.021288205015959162",0.015966,1.664145,1.664145,11,11
2003171996714_Node0_Node5_Zero,"[0, 1, 3, 5]",2003.171997,2003.172287,0.006035,3,0,2343.0,"0.0053220512539897905,0.021288205015959162,0.021288205015959162",0.015966,1.664145,1.664145,11,11
2003180196639_Node0_Node5_Zero,"[0, 1, 3, 5]",2003.180197,2003.180307,0.005775,3,0,2343.0,"0.0053220512539897905,0.021288205015959162,0.021288205015959162",0.015966,1.664145,1.664145,11,11
2003188396731_Node0_Node5_Zero,"[0, 1, 3, 5]",2003.188397,2003.188627,0.006195,3,0,2343.0,"0.0053220512539897905,0.021288205015959162,0.021288205015959162",0.015966,1.664145,1.664145,11,11
2003196590388_Node0_Node5_Zero,"[0, 1, 3, 5]",2003.19659,2003.19682,0.005836,3,0,2343.0,"0.0053220512539897905,0.021288205015959162,0.021288205015959162",0.015966,1.664145,1.664145,11,11
2003204782866_Node0_Node5_Zero,"[0, 1, 3, 5]",2003.204783,2003.205093,0.006396,3,0,2343.0,"0.0053220512539897905,0.021288205015959162,0.021288205015959162",0.015966,1.664145,1.664145,11,11
2003212980118_Node0_Node5_Zero,"[0, 1, 3, 5]",2003.21298,2003.21327,0.006176,3,0,2343.0,"0.0053220512539897905,0.021288205015959162,0.021288205015959162",0.015966,1.664145,1.664145,11,11
2003221175693_Node0_Node5_Zero,"[0, 1, 3, 5]",2003.221176,2003.221486,0.006215,3,0,2343.0,"0.0053220512539897905,0.021288205015959162,0.021288205015959162",0.015966,1.664145,1.664145,11,11
2003229367747_Node0_Node5_Zero,"[0, 1, 3, 5]",2003.229368,2003.229658,0.006235,3,0,2343.0,"0.0053220512539897905,0.021288205015959162,0.021288205015959162",0.015966,1.664145,1.664145,11,11
2003237561564_Node0_Node5_Zero,"[0, 1, 3, 5]",2003.237562,2003.237692,0.005795,3,0,2343.0,"0.0053220512539897905,0.021288205015959162,0.021288205015959162",0.015966,1.664145,1.664145,11,11
2003245759604_Node0_Node5_Zero,"[0, 1, 3, 5]",2003.24576,2003.24581,0.006155,3,0,2343.0,"0.0053220512539897905,0.021288205015959162,0.021288205015959162",0.015966,1.664145,1.664145,11,11
2003253954217_Node0_Node5_Zero,"[0, 1, 3, 5]",2003.253954,2003.254024,0.006076,3,0,2343.0,"0.0053220512539897905,0.021288205015959162,0.021288205015959162",0.015966,1.664145,1.664145,11,11
2003262146662_Node0_Node5_Zero,"[0, 1, 3, 5]",2003.262147,2003.262317,0.006175,3,0,2343.0,"0.0053220512539897905,0.021288205015959162,0.021288205015959162",0.015966,1.664145,1.664145,11,11
2003270343834_Node0_Node5_Zero,"[0, 1, 3, 5]",2003.270344,2003.270694,0.005976,3,0,2343.0,"0.0053220512539897905,0.021288205015959162,0.021288205015959162",0.015966,1.664145,1.664145,11,11
2003278545126_Node0_Node5_Zero,"[0, 1, 3, 5]",2003.278545,2003.278715,0.006176,3,0,2343.0,"0.0053220512539897905,0.021288205015959162,0.021288205015959162",0.015966,1.664145,1.664145,11,11
2003286741568_Node0_Node5_Zero,"[0, 1, 3, 5]",2003.286742,2003.286892,0.005915,3,0,2343.0,"0.0053220512539897905,0.021288205015959162,0.021288205015959162",0.015966,1.664145,1.664145,11,11
2003294942199_Node0_Node5_Zero,"[0, 1, 3, 5]",2003.294942,2003.295232,0.006336,3,0,2343.0,"0.0053220512539897905,0.021288205015959162,0.021288205015959162",0.015966,1.664145,1.664145,11,11
2003303135818_Node0_Node5_Zero,"[0, 1, 3, 5]",2003.303136,2003.303466,0.006256,3,0,2343.0,"0.0053220512539897905,0.021288205015959162,0.021288205015959162",0.015966,1.664145,1.664145,11,11
2003311329140_Node0_Node5_Zero,"[0, 1, 3, 5]",2003.311329,2003.311619,0.006236,3,0,2343.0,"0.0053220512539897905,0.021288205015959162,0.021288205015959162",0.015966,1.664145,1.664145,11,11
2003319523751_Node0_Node5_Zero,"[0, 1, 3, 5]",2003.319524,2003.319614,0.005975,3,0,2343.0,"0.0053220512539897905,0.021288205015959162,0.021288205015959162",0.015966,1.664145,1.664145,11,11
2003327724708_Node0_Node5_Zero,"[0, 1, 3, 5]",2003.327725,2003.328015,0.006235,3,0,2343.0,"0.0053220512539897905,0.021288205015959162,0.021288205015959162",0.015966,1.664145,1.664145,11,11
2003335924533_Node0_Node5_Zero,"[0, 1, 3, 5]",2003.335925,2003.336115,0.006135,3,0,2343.0,"0.0053220512539897905,0.021288205015959162,0.021288205015959162",0.015966,1.664145,1.664145,11,11
2003344124331_Node0_Node5_Zero,"[0, 1, 3, 5]",2003.344124,2003.344214,0.005936,3,0,2343.0,"0.0053220512539897905,0.021288205015959162,0.021288205015959162",0.015966,1.664145,1.664145,11,11
2003352316167_Node0_Node5_Zero,"[0, 1, 3, 5]",2003.352316,2003.352606,0.006296,3,0,2343.0,"0.0053220512539897905,0.021288205015959162,0.021288205015959162",0.015966,1.664145,1.664145,11,11
2003360516454_Node0_Node5_Zero,"[0, 1, 3, 5]",2003.360516,2003.360846,0.005936,3,0,2343.0,"0.0053220512539897905,0.021288205015959162,0.021288205015959162",0.015966,1.664145,1.664145,11,11
2003368709641_Node0_Node5_Zero,"[0, 1, 3, 5]",2003.36871,2003.36902,0.006035,3,0,2343.0,"0.0053220512539897905,0.021288205015959162,0.021288205015959162",0.015966,1.664145,1.664145,11,11
2003376905112_Node0_Node5_Zero,"[0, 1, 3, 5]",2003.376905,2003.377075,0.005916,3,0,2343.0,"0.0053220512539897905,0.021288205015959162,0.021288205015959162",0.015966,1.664145,1.664145,11,11
2003385100656_Node0_Node5_Zero,"[0, 1, 3, 5]",2003.385101,2003.385411,0.005915,3,0,2343.0,"0.0053220512539897905,0.021288205015959162,0.021288205015959162",0.015966,1.664145,1.664145,11,11
2003393299881_Node0_Node5_Zero,"[0, 1, 3, 5]",2003.3933,2003.39345,0.006136,3,0,2343.0,"0.0053220512539897905,0.021288205015959162,0.021288205015959162",0.015966,1.664145,1.664145,11,11
2003401501348_Node0_Node5_Zero,"[0, 1, 3, 5]",2003.401501,2003.401571,0.005976,3,0,2343.0,"0.0053220512539897905,0.021288205015959162,0.021288205015959162",0.015966,1.664145,1.664145,11,11
2003409696953_Node0_Node5_Zero,"[0, 1, 3, 5]",2003.409697,2003.409827,0.006016,3,0,2343.0,"0.0053220512539897905,0.021288205015959162,0.021288205015959162",0.015966,1.664145,1.664145,11,11
2003417895392_Node0_Node5_Zero,"[0, 1, 3, 5]",2003.417895,2003.418205,0.006016,3,0,2343.0,"0.0053220512539897905,0.021288205015959162,0.021288205015959162",0.015966,1.664145,1.664145,11,11
2003426094678_Node0_Node5_Zero,"[0, 1, 3, 5]",2003.426095,2003.426145,0.006115,3,0,2343.0,"0.0053220512539897905,0.021288205015959162,0.021288205015959162",0.015966,1.664145,1.664145,11,11
2003434294197_Node0_Node5_Zero,"[0, 1, 3, 5]",2003.434294,2003.434464,0.005976,3,0,2343.0,"0.0053220512539897905,0.021288205015959162,0.021288205015959162",0.015966,1.664145,1.664145,11,11
2003442494802_Node0_Node5_Zero,"[0, 1, 3, 5]",2003.442495,2003.442665,0.006036,3,0,2343.0,"0.0053220512539897905,0.021288205015959162,0.021288205015959162",0.015966,1.664145,1.664145,11,11
2003450691237_Node0_Node5_Zero,"[0, 1, 3, 5]",2003.450691,2003.450981,0.006136,3,0,2343.0,"0.0053220512539897905,0.021288205015959162,0.021288205015959162",0.015966,1.664145,1.664145,11,11
2003458889838_Node0_Node5_Zero,"[0, 1, 3, 5]",2003.45889,2003.45916,0.006176,3,0,2343.0,"0.0053220512539897905,0.021288205015959162,0.021288205015959162",0.015966,1.664145,1.664145,11,11
2003467082661_Node0_Node5_Zero,"[0, 1, 3, 5]",2003.467083,2003.467373,0.006075,3,0,2343.0,"0.0053220512539897905,0.021288205015959162,0.021288205015959162",0.015966,1.664145,1.664145,11,11
2003475278549_Node0_Node5_Zero,"[0, 1, 3, 5]",2003.475279,2003.475629,0.006055,3,0,2343.0,"0.0053220512539897905,0.021288205015959162,0.021288205015959162",0.015966,1.664145,1.664145,11,11
2003483480176_Node0_Node5_Zero,"[0, 1, 3, 5]",2003.48348,2003.48359,0.005816,3,0,2343.0,"0.0053220512539897905,0.021288205015959162,0.021288205015959162",0.015966,1.664145,1.664145,11,11
2003491672623_Node0_Node5_Zero,"[0, 1, 3, 5]",2003.491673,2003.491903,0.006135,3,0,2343.0,"0.0053220512539897905,0.021288205015959162,0.021288205015959162",0.015966,1.664145,1.664145,11,11
2003499866127_Node0_Node5_Zero,"[0, 1, 3, 5]",2003.499866,2003.500056,0.006116,3,0,2343.0,"0.0053220512539897905,0.021288205015959162,0.021288205015959162",0.015966,1.664145,1.664145,11,11
2003508066527_Node0_Node5_Zero,"[0, 1, 3, 5]",2003.508067,2003.508357,0.006195,3,0,2343.0,"0.0053220512539897905,0.021288205015959162,0.021288205015959162",0.015966,1.664145,1.664145,11,11
2003516264145_Node0_Node5_Zero,"[0, 1, 3, 5]",2003.516264,2003.516554,0.006156,3,0,2343.0,"0.0053220512539897905,0.021288205015959162,0.021288205015959162",0.015966,1.664145,1.664145,11,11
2003524455993_Node0_Node5_Zero,"[0, 1, 3, 5]",2003.524456,2003.524766,0.005956,3,0,2343.0,"0.0053220512539897905,0.021288205015959162,0.021288205015959162",0.015966,1.664145,1.664145,11,11
2003532655468_Node0_Node5_Zero,"[0, 1, 3, 5]",2003.532655,2003.532945,0.006016,3,0,2343.0,"0.0053220512539897905,0.021288205015959162,0.021288205015959162",0.015966,1.664145,1.664145,11,11
2003540855544_Node0_Node5_Zero,"[0, 1, 3, 5]",2003.540856,2003.540906,0.005635,3,0,2343.0,"0.0053220512539897905,0.021288205015959162,0.021288205015959162",0.015966,1.664145,1.664145,11,11
2003549048000_Node0_Node5_Zero,"[0, 1, 3, 5]",2003.549048,2003.549378,0.006016,3,0,2343.0,"0.0053220512539897905,0.021288205015959162,0.021288205015959162",0.015966,1.664145,1.664145,11,11
2003557242423_Node0_Node5_Zero,"[0, 1, 3, 5]",2003.557242,2003.557412,0.005796,3,0,2343.0,"0.0053220512539897905,0.021288205015959162,0.021288205015959162",0.015966,1.664145,1.664145,11,11
2003565440795_Node0_Node5_Zero,"[0, 1, 3, 5]",2003.565441,2003.565571,0.006176,3,0,2343.0,"0.0053220512539897905,0.021288205015959162,0.021288205015959162",0.015966,1.664145,1.664145,11,11
2003573642264_Node0_Node5_Zero,"[0, 1, 3, 5]",2003.573642,2003.573752,0.006216,3,0,2343.0,"0.0053220512539897905,0.021288205015959162,0.021288205015959162",0.015966,1.664145,1.664145,11,11
2003581839322_Node0_Node5_Zero,"[0, 1, 3, 5]",2003.581839,2003.582189,0.006216,3,0,2343.0,"0.0053220512539897905,0.021288205015959162,0.021288205015959162",0.015966,1.664145,1.664145,11,11
2003590040140_Node0_Node5_Zero,"[0, 1, 3, 5]",2003.59004,2003.59019,0.006076,3,0,2343.0,"0.0053220512539897905,0.021288205015959162,0.021288205015959162",0.015966,1.664145,1.664145,11,11
2003598237113_Node0_Node5_Zero,"[0, 1, 3, 5]",2003.598237,2003.598527,0.006136,3,0,2343.0,"0.0053220512539897905,0.021288205015959162,0.021288205015959162",0.015966,1.664145,1.664145,11,11
2003606429710_Node0_Node5_Zero,"[0, 1, 3, 5]",2003.60643,2003.60666,0.005815,3,0,2343.0,"0.0053220512539897905,0.021288205015959162,0.021288205015959162",0.015966,1.664145,1.664145,11,11
2003614623269_Node0_Node5_Zero,"[0, 1, 3, 5]",2003.614623,2003.614893,0.006016,3,0,2343.0,"0.0053220512539897905,0.021288205015959162,0.021288205015959162",0.015966,1.664145,1.664145,11,11
2003622821177_Node0_Node5_Zero,"[0, 1, 3, 5]",2003.622821,2003.622991,0.006276,3,0,2343.0,"0.0053220512539897905,0.021288205015959162,0.021288205015959162",0.015966,1.664145,1.664145,11,11
2003631021561_Node0_Node5_Zero,"[0, 1, 3, 5]",2003.631022,2003.631312,0.005995,3,0,2343.0,"0.0053220512539897905,0.021288205015959162,0.021288205015959162",0.015966,1.664145,1.664145,11,11
2003639220972_Node0_Node5_Zero,"[0, 1, 3, 5]",2003.639221,2003.639451,0.006176,3,0,2343.0,"0.0053220512539897905,0.021288205015959162,0.021288205015959162",0.015966,1.664145,1.664145,11,11
2003647415782_Node0_Node5_Zero,"[0, 1, 3, 5]",2003.647416,2003.647746,0.006116,3,0,2343.0,"0.0053220512539897905,0.021288205015959162,0.021288205015959162",0.015966,1.664145,1.664145,11,11
2003655610434_Node0_Node5_Zero,"[0, 1, 3, 5]",2003.65561,2003.65588,0.005896,3,0,2343.0,"0.0053220512539897905,0.021288205015959162,0.021288205015959162",0.015966,1.664145,1.664145,11,11
2003663810817_Node0_Node5_Zero,"[0, 1, 3, 5]",2003.663811,2003.663901,0.006136,3,0,2343.0,"0.0053220512539897905,0.021288205015959162,0.021288205015959162",0.015966,1.664145,1.664145,11,11
2003672003477_Node0_Node5_Zero,"[0, 1, 3, 5]",2003.672003,2003.672213,0.006056,3,0,2343.0,"0.0053220512539897905,0.021288205015959162,0.021288205015959162",0.015966,1.664145,1.664145,11,11
2003680200739_Node0_Node5_Zero,"[0, 1, 3, 5]",2003.680201,2003.680471,0.006195,3,0,2343.0,"0.0053220512539897905,0.021288205015959162,0.021288205015959162",0.015966,1.664145,1.664145,11,11
2003688398280_Node0_Node5_Zero,"[0, 1, 3, 5]",2003.688398,2003.688728,0.006456,3,0,2343.0,"0.0053220512539897905,0.021288205015959162,0.021288205015959162",0.015966,1.664145,1.664145,11,11
2003696595165_Node0_Node5_Zero,"[0, 1, 3, 5]",2003.696595,2003.696805,0.005956,3,0,2343.0,"0.0053220512539897905,0.021288205015959162,0.021288205015959162",0.015966,1.664145,1.664145,11,11
2003704789279_Node0_Node5_Zero,"[0, 1, 3, 5]",2003.704789,2003.705119,0.006216,3,0,2343.0,"0.0053220512539897905,0.021288205015959162,0.021288205015959162",0.015966,1.664145,1.664145,11,11
2003712989532_Node0_Node5_Zero,"[0, 1, 3, 5]",2003.71299,2003.71334,0.006215,3,0,2343.0,"0.0053220512539897905,0.021288205015959162,0.021288205015959162",0.015966,1.664145,1.664145,11,11
2003721187251_Node0_Node5_Zero,"[0, 1, 3, 5]",2003.721187,2003.721517,0.006036,3,0,2343.0,"0.0053220512539897905,0.021288205015959162,0.021288205015959162",0.015966,1.664145,1.664145,11,11
2003729384596_Node0_Node5_Zero,"[0, 1, 3, 5]",2003.729385,2003.729635,0.006095,3,0,2343.0,"0.0053220512539897905,0.021288205015959162,0.021288205015959162",0.015966,1.664145,1.664145,11,11
2003737584001_Node0_Node5_Zero,"[0, 1, 3, 5]",2003.737584,2003.737754,0.005856,3,0,2343.0,"0.0053220512539897905,0.021288205015959162,0.021288205015959162",0.015966,1.664145,1.664145,11,11
2003745776955_Node0_Node5_Zero,"[0, 1, 3, 5]",2003.745777,2003.745967,0.005896,3,0,2343.0,"0.0053220512539897905,0.021288205015959162,0.021288205015959162",0.015966,1.664145,1.664145,11,11
2003753975696_Node0_Node5_Zero,"[0, 1, 3, 5]",2003.753976,2003.754026,0.005835,3,0,2343.0,"0.0053220512539897905,0.021288205015959162,0.021288205015959162",0.015966,1.664145,1.664145,11,11
2003762167831_Node0_Node5_Zero,"[0, 1, 3, 5]",2003.762168,2003.762518,0.006176,3,0,2343.0,"0.0053220512539897905,0.021288205015959162,0.021288205015959162",0.015966,1.664145,1.664145,11,11
2003770363743_Node0_Node5_Zero,"[0, 1, 3, 5]",2003.770364,2003.770534,0.005835,3,0,2343.0,"0.0053220512539897905,0.021288205015959162,0.021288205015959162",0.015966,1.664145,1.664145,11,11
2003778564368_Node0_Node5_Zero,"[0, 1, 3, 5]",2003.778564,2003.778834,0.006136,3,0,2343.0,"0.0053220512539897905,0.021288205015959162,0.021288205015959162",0.015966,1.664145,1.664145,11,11
2003786759263_Node0_Node5_Zero,"[0, 1, 3, 5]",2003.786759,2003.786949,0.006116,3,0,2343.0,"0.0053220512539897905,0.021288205015959162,0.021288205015959162",0.015966,1.664145,1.664145,11,11
2003794951955_Node0_Node5_Zero,"[0, 1, 3, 5]",2003.794952,2003.795182,0.005916,3,0,2343.0,"0.0053220512539897905,0.021288205015959162,0.021288205015959162",0.015966,1.664145,1.664145,11,11
2003803151050_Node0_Node5_Zero,"[0, 1, 3, 5]",2003.803151,2003.803401,0.006056,3,0,2343.0,"0.0053220512539897905,0.021288205015959162,0.021288205015959162",0.015966,1.664145,1.664145,11,11
2003811343449_Node0_Node5_Zero,"[0, 1, 3, 5]",2003.811343,2003.811693,0.006036,3,0,2343.0,"0.0053220512539897905,0.021288205015959162,0.021288205015959162",0.015966,1.664145,1.664145,11,11
2003819539830_Node0_Node5_Zero,"[0, 1, 3, 5]",2003.81954,2003.81959,0.006096,3,0,2343.0,"0.0053220512539897905,0.021288205015959162,0.021288205015959162",0.015966,1.664145,1.664145,11,11
2003827733588_Node0_Node5_Zero,"[0, 1, 3, 5]",2003.827734,2003.828004,0.005995,3,0,2343.0,"0.0053220512539897905,0.021288205015959162,0.021288205015959162",0.015966,1.664145,1.664145,11,11
2003835931959_Node0_Node5_Zero,"[0, 1, 3, 5]",2003.835932,2003.836042,0.006056,3,0,2343.0,"0.0053220512539897905,0.021288205015959162,0.021288205015959162",0.015966,1.664145,1.664145,11,11
2003844132657_Node0_Node5_Zero,"[0, 1, 3, 5]",2003.844133,2003.844443,0.006115,3,0,2343.0,"0.0053220512539897905,0.021288205015959162,0.021288205015959162",0.015966,1.664145,1.664145,11,11
2003852328507_Node0_Node5_Zero,"[0, 1, 3, 5]",2003.852329,2003.852379,0.005875,3,0,2343.0,"0.0053220512539897905,0.021288205015959162,0.021288205015959162",0.015966,1.664145,1.664145,11,11
2003860520501_Node0_Node5_Zero,"[0, 1, 3, 5]",2003.860521,2003.860771,0.005875,3,0,2343.0,"0.0053220512539897905,0.021288205015959162,0.021288205015959162",0.015966,1.664145,1.664145,11,11
2003868717701_Node0_Node5_Zero,"[0, 1, 3, 5]",2003.868718,2003.868788,0.006075,3,0,2343.0,"0.0053220512539897905,0.021288205015959162,0.021288205015959162",0.015966,1.664145,1.664145,11,11
2003876915941_Node0_Node5_Zero,"[0, 1, 3, 5]",2003.876916,2003.877086,0.006056,3,0,2343.0,"0.0053220512539897905,0.021288205015959162,0.021288205015959162",0.015966,1.664145,1.664145,11,11
2003885110640_Node0_Node5_Zero,"[0, 1, 3, 5]",2003.885111,2003.885401,0.005935,3,0,2343.0,"0.0053220512539897905,0.021288205015959162,0.021288205015959162",0.015966,1.664145,1.664145,11,11
2003893310014_Node0_Node5_Zero,"[0, 1, 3, 5]",2003.89331,2003.89346,0.006096,3,0,2343.0,"0.0053220512539897905,0.021288205015959162,0.021288205015959162",0.015966,1.664145,1.664145,11,11
2003901510198_Node0_Node5_Zero,"[0, 1, 3, 5]",2003.90151,2003.90172,0.006216,3,0,2343.0,"0.0053220512539897905,0.021288205015959162,0.021288205015959162",0.015966,1.664145,1.664145,11,11
2003909711251_Node0_Node5_Zero,"[0, 1, 3, 5]",2003.909711,2003.909981,0.006016,3,0,2343.0,"0.0053220512539897905,0.021288205015959162,0.021288205015959162",0.015966,1.664145,1.664145,11,11
2003917907044_Node0_Node5_Zero,"[0, 1, 3, 5]",2003.917907,2003.918037,0.006156,3,0,2343.0,"0.0053220512539897905,0.021288205015959162,0.021288205015959162",0.015966,1.664145,1.664145,11,11
2003926102314_Node0_Node5_Zero,"[0, 1, 3, 5]",2003.926102,2003.926332,0.005956,3,0,2343.0,"0.0053220512539897905,0.021288205015959162,0.021288205015959162",0.015966,1.664145,1.664145,11,11
2003934297219_Node0_Node5_Zero,"[0, 1, 3, 5]",2003.934297,2003.934467,0.006156,3,0,2343.0,"0.0053220512539897905,0.021288205015959162,0.021288205015959162",0.015966,1.664145,1.664145,11,11
2003942492674_Node0_Node5_Zero,"[0, 1, 3, 5]",2003.942493,2003.942803,0.006015,3,0,2343.0,"0.0053220512539897905,0.021288205015959162,0.021288205015959162",0.015966,1.664145,1.664145,11,11
2003950686568_Node0_Node5_Zero,"[0, 1, 3, 5]",2003.950687,2003.950937,0.006295,3,0,2343.0,"0.0053220512539897905,0.021288205015959162,0.021288205015959162",0.015966,1.664145,1.664145,11,11
2003958886155_Node0_Node5_Zero,"[0, 1, 3, 5]",2003.958886,2003.959196,0.006116,3,0,2343.0,"0.0053220512539897905,0.021288205015959162,0.021288205015959162",0.015966,1.664145,1.664145,11,11
2003967085522_Node0_Node5_Zero,"[0, 1, 3, 5]",2003.967086,2003.967236,0.005715,3,0,2343.0,"0.0053220512539897905,0.021288205015959162,0.021288205015959162",0.015966,1.664145,1.664145,11,11
2003975286206_Node0_Node5_Zero,"[0, 1, 3, 5]",2003.975286,2003.975516,0.006096,3,0,2343.0,"0.0053220512539897905,0.021288205015959162,0.021288205015959162",0.015966,1.664145,1.664145,11,11
2003983479212_Node0_Node5_Zero,"[0, 1, 3, 5]",2003.983479,2003.983749,0.006316,3,0,2343.0,"0.0053220512539897905,0.021288205015959162,0.021288205015959162",0.015966,1.664145,1.664145,11,11
2003991676267_Node0_Node5_Zero,"[0, 1, 3, 5]",2003.991676,2003.991846,0.005936,3,0,2343.0,"0.0053220512539897905,0.021288205015959162,0.021288205015959162",0.015966,1.664145,1.664145,11,11
2003999871629_Node0_Node5_Zero,"[0, 1, 3, 5]",2003.999872,2004.000062,0.006075,3,0,2343.0,"0.0053220512539897905,0.021288205015959162,0.021288205015959162",0.015966,1.664145,1.664145,11,11
2004008071485_Node0_Node5_Zero,"[0, 1, 3, 5]",2004.008071,2004.008241,0.006016,3,0,2343.0,"0.0053220512539897905,0.021288205015959162,0.021288205015959162",0.015966,1.664145,1.664145,11,11
